"county_group","county_Deaths","county_Births","county_Mortality_rate","county_HC01_VC03","county_HC01_VC04","county_HC01_VC05","county_HC01_VC07","county_HC01_VC09","county_HC03_VC12_unemp_pct","county_HC01_VC74","county_HC01_VC85_inc_med","county_HC01_VC86_inc_mean","county_HC01_VC103","county_HC01_VC118","county_HC01_VC130","county_HC01_VC131_hc","county_HC03_VC131_hc_pct","county_HC01_VC132_hc_priv","county_HC03_VC132_hc_priv_pct","county_HC01_VC133_hc_pub","county_HC03_VC133_hc_pub_pct","county_HC01_VC134_nohc","county_HC03_VC134_nohc_pct","county_HC01_VC161_bpl","county_HC03_VC161_bpl_pct","county_HC01_VC162_bpl_18","county_HC03_VC162_bpl_18_pct","county_HC01_VC163_bpl_5","county_HC03_VC163_bpl_5_pct"
"Ada County, ID",21,5126,4.09676160749122,322908,214655,213995,14040,108253,6.5609009556298,157286,56356,74604,104620,28851,411477,365756,88.8885648529565,313091,76.0895505702627,97585,23.7157848433813,45721,11.1114351470435,8474.22,8.1,13077.5,12.5,14542.18,13.9
"Adams County, CO",31,6761,4.58512054429818,352413,249893,249542,19799,102520,7.93413533593543,156628,58946,72120,111036,25039,467743,387223,82.7854184883579,284123,60.7433996874352,139360,29.7941390892007,80520,17.2145815116421,11436.708,10.3,17099.544,15.4,16544.364,14.9
"Alameda County, CA",76,19434,3.91067201811259,1279499,849845,848232,70100,429654,8.26424846032689,558907,75619,101953,368905,37285,1573351,1414617,89.9110878627846,1112221,70.6912189333467,438949,27.8989875749277,158734,10.0889121372154,31356.925,8.5,45375.315,12.3,38366.12,10.4
"Albany County, NY",20,3095,6.46203554119548,255718,165979,165753,10553,89739,6.36670226179918,123451,59887,78816,67890,32779,303811,285636,94.0176622966252,236064,77.7009390706722,91499,30.1170793684231,18175,5.9823377033748,5431.2,8,9844.05,14.5,10522.95,15.5
"Allegheny County, PA",83,13311,6.23544436931861,1023076,659140,658754,46495,363936,7.05802165907152,529534,53040,74741,305488,32848,1217037,1133488,93.135048482503,936223,76.9264204785886,379549,31.1863156173559,83549,6.864951517497,27493.92,9,48267.104,15.8,49794.544,16.3
"Allen County, IN",41,5269,7.78136268741697,277397,185227,185142,14848,92170,8.01979021507816,140536,49092,65242,91978,25770,359824,310205,86.2102027657966,240652,66.8804748988394,104796,29.1242385166081,49619,13.7897972342034,11037.36,12,18027.688,19.6,18671.534,20.3
"Anchorage Borough, AK",28,4589,6.10154717803443,231795,171644,163294,10939,60151,6.69896015775227,105175,78326,99630,69652,36920,287811,243173,84.4905163457964,199911,69.459124216934,70378,24.4528527401663,44638,15.5094836542036,3900.512,5.6,6477.636,9.3,5641.812,8.1
"Anne Arundel County, MD",36,6936,5.19031141868512,442656,313957,301868,17776,128699,5.88866656949395,203336,89860,111210,141164,41706,535171,500991,93.6132563236797,436741,81.6077478039729,134164,25.0693703507851,34180,6.38674367632028,5364.232,3.8,7764.02,5.5,7199.364,5.1
"Anoka County, MN",13,4278,3.03880317905563,264912,193333,193205,12015,71579,6.21878315778577,124477,70873,84709,89478,31775,336408,315074,93.6582958788138,266901,79.3384818434758,86305,25.6548595752776,21334,6.34170412118618,4921.29,5.5,7874.064,8.8,7426.674,8.3
"Arapahoe County, CO",50,7960,6.28140703517588,473975,337326,335681,24183,136649,7.20416109341905,229601,63265,87869,152068,34190,603211,524417,86.9375724249061,424177,70.3198383318607,156955,26.0199167455501,78794,13.062427575094,12317.508,8.1,19008.5,12.5,20681.248,13.6
"Atlantic County, NJ",19,2968,6.40161725067385,221065,146814,146420,18269,74251,12.4771206119383,101818,54461,73169,68395,28005,272459,237284,87.0898006672564,182159,66.857398727882,91016,33.4053931050176,35175,12.9101993327436,8275.795,12.1,13473.815,19.7,17509.12,25.6
"Baltimore city, MD",72,8660,8.31408775981524,503838,312023,311656,40726,191815,13.0676130092153,242268,42241,61731,124878,25707,612619,549227,89.6522961253242,343891,56.1345632440391,269138,43.9323625287495,63392,10.3477038746758,23726.82,19,35964.864,28.8,28222.428,22.6
"Baltimore County, MD",61,9991,6.10549494545091,665725,443256,442686,30487,222469,6.88682271406821,312900,67095,89111,203679,35011,814797,748969,91.9209324531141,612956,75.2280629408307,241852,29.682485330702,65828,8.07906754688591,12831.777,6.3,20367.9,10,20367.9,10
"Bell County, TX",43,6500,6.61538461538461,243040,161142,140938,13388,81898,9.49921241964552,109844,50550,64628,79124,23535,303696,260710,85.8457141351878,213313,70.238988988989,89099,29.3382197987461,42986,14.1542858648122,9574.004,12.1,14558.816,18.4,14479.692,18.3
"Bergen County, NJ",20,9499,2.10548478787241,748494,491623,491436,31824,256871,6.47571606475716,335550,85806,118911,241746,44002,920477,818757,88.9492078563614,694658,75.4671762575273,214210,23.2716298180183,101720,11.0507921436386,14021.268,5.8,19581.426,8.1,16922.22,7
"Berks County, PA",29,4754,6.10012620950778,330102,217331,217230,19527,112771,8.98908990470929,153312,55936,71198,105998,27146,409151,370967,90.6675041732759,291395,71.2194275463093,133316,32.5835693912516,38184,9.33249582672412,10917.794,10.3,19079.64,18,16429.69,15.5
"Bernalillo County, NM",39,7920,4.92424242424242,535086,338148,335809,28053,196938,8.35385591214053,263270,47725,65694,161704,26765,666484,569855,85.5016774596239,390154,58.5391397242845,251386,37.7182347963342,96629,14.4983225403761,24255.6,15,37838.736,23.4,37191.92,23
"Bexar County, TX",187,28182,6.63544106167057,1396634,908244,890280,66157,488390,7.43103293345914,618831,51150,69019,419295,24735,1793642,1470792,82.0003099838206,1095456,61.0743950019012,551935,30.7717482083939,322850,17.9996900161794,57862.71,13.8,84278.295,20.1,81343.23,19.4
"Brazoria County, TX",22,4943,4.4507384179648,251661,163141,163038,8748,88520,5.36562028484157,112510,69749,87575,82536,30634,321393,268655,83.5908062714496,223808,69.6368620349541,69849,21.733205141369,52738,16.4091937285504,6850.488,8.3,9326.568,11.3,7180.632,8.7
"Brevard County, FL",32,5246,6.09988562714449,462632,259089,257738,28045,203543,10.8812049445561,222791,48925,65150,141695,27571,548302,467883,85.3330828630937,351840,64.169016345007,208767,38.0751848433892,80419,14.6669171369063,14027.805,9.9,25363.405,17.9,28197.305,19.9
"Bristol County, MA",18,5676,3.17124735729387,449436,296108,295912,26521,153328,8.96246181297142,212029,56842,74815,138877,29607,545791,524870,96.1668477494132,384776,70.4987806687908,213226,39.0673352986766,20921,3.83315225058676,13332.192,9.6,21248.181,15.3,23747.967,17.1
"Bronx County, NY",108,21493,5.02489182524543,1102377,655728,655467,91564,446649,13.9692768667225,484902,34299,50191,319265,18456,1406091,1213943,86.33459712067,606165,43.1099409639917,731648,52.0341855541355,192148,13.66540287933,90351.995,28.3,118766.58,37.2,89713.465,28.1
"Broward County, FL",118,22311,5.28887096051275,1489265,991446,990423,99426,497819,10.0387410227751,670284,51968,73358,425680,28381,1832097,1469174,80.1908414237892,1069431,58.3719639298574,538773,29.4074494963968,362923,19.8091585762108,47676.16,11.2,68108.8,16,68534.48,16.1
"Bucks County, PA",20,6014,3.3255736614566,507923,345878,345609,24121,162045,6.97927426658449,233066,77568,101658,166529,38795,620447,583653,94.0697593831544,517242,83.3660248175912,152090,24.5129720991479,36794,5.9302406168456,6994.218,4.2,10990.914,6.6,15154.139,9.1
"Burlington County, NJ",21,4422,4.74898236092266,363543,246228,242401,20635,117315,8.51275366025718,164659,78621,99207,114777,37255,436086,406590,93.2361965300422,354836,81.3683539485331,111865,25.6520502836596,29496,6.76380346995776,5050.188,4.4,7919.613,6.9,8034.39,7
"Butler County, OH",31,4588,6.75675675675676,291832,190524,190439,13657,101308,7.17132520124554,134720,57540,74035,93384,27490,369325,336273,91.0507006024504,271859,73.6096933595072,102361,27.7156975563528,33052,8.94929939754958,8964.864,9.6,14381.136,15.4,16435.584,17.6
"Caddo Parish, LA",38,3570,10.6442577030812,199059,117805,116873,8135,81254,6.96054691844994,97991,41234,61687,61376,24876,249783,209721,83.9612783896422,141522,56.6579791258813,97471,39.0222713315158,40062,16.0387216103578,10065.664,16.4,16326.016,26.6,17614.912,28.7
"Camden County, NJ",54,6235,8.6607858861267,405272,269484,269225,27517,135788,10.2208190175504,186101,62185,81281,125478,30822,506316,452005,89.2732996784617,345837,68.3045765885336,161397,31.8767331073875,54311,10.7267003215383,12798.756,10.2,19825.524,15.8,20201.958,16.1
"Cameron County, TX",39,7242,5.38525269262635,298753,164722,164483,16472,134031,10.0144087838865,121097,33266,49194,95991,15105,415215,284014,68.4016714232386,144639,34.8347241790398,161109,38.8013438820852,131201,31.5983285767614,28413.336,29.6,37628.472,39.2,33692.841,35.1
"Charleston County, SC",25,4994,5.00600720865038,304661,200611,198388,15277,104050,7.7005665665262,148018,53437,77100,87214,32162,365883,313511,85.6861346386686,250383,68.4325317109568,105299,28.7794185572984,52372,14.3138653613314,10640.108,12.2,18402.154,21.1,17093.944,19.6
"Chatham County, GA",39,4149,9.3998553868402,223398,141706,138090,13463,81692,9.74943877181548,104912,47218,64795,64069,25690,271319,223280,82.2942735304199,173029,63.7732705781755,77661,28.623502224319,48039,17.7057264695801,9225.936,14.4,15376.56,24,14479.594,22.6
"Chester County, PA",25,5503,4.54297655824096,402820,277243,276983,16252,125577,5.8675081142164,186057,85976,114430,130680,42556,504927,467827,92.6524032186831,415967,82.3816115993005,110540,21.8922735365706,37100,7.3475967813169,5749.92,4.4,8886.24,6.8,8232.84,6.3
"Chesterfield County, VA",21,3803,5.5219563502498,256916,178062,176864,12022,78854,6.79731318979555,116797,72609,90380,83901,33220,325417,295018,90.6584474689399,259046,79.6043230685551,72768,22.3614623698209,30399,9.34155253106015,4195.05,5,6963.783,8.3,8725.704,10.4
"Clackamas County, OR",26,4141,6.27867664815262,313378,202497,202373,16713,110881,8.25851274626556,149522,65965,86852,102929,34047,387875,350541,90.374734128263,291997,75.2812117305833,109582,28.2518852723171,37334,9.62526587173703,6690.385,6.5,10807.545,10.5,12145.622,11.8
"Clark County, NV",141,27139,5.19547514646818,1599352,1043127,1035802,112214,556225,10.8335376838431,724446,51575,68833,465442,26048,2012107,1629903,81.0047875187552,1265320,62.8853236930243,548394,27.2547135912752,382204,18.9952124812448,55387.598,11.9,84245.002,18.1,81917.792,17.6
"Clark County, WA",25,5560,4.49640287769784,344185,220533,220146,18885,123652,8.57839797225478,162441,60756,76916,113110,28801,442053,393476,89.0110461867695,308563,69.8022635294863,142124,32.1508959332931,48577,10.9889538132305,8935.69,7.9,13686.31,12.1,13686.31,12.1
"Clayton County, GA",36,3804,9.46372239747634,199379,133149,132924,18780,66230,14.1283741085131,88793,40938,50593,59037,18107,263996,198052,75.0208336489947,130300,49.3568084364915,85496,32.3853391718056,65944,24.9791663510053,12515.844,21.2,18124.359,30.7,18124.359,30.7
"Cleveland County, OK",13,2886,4.5045045045045,214233,142010,140826,6877,72223,4.88333120304489,99276,56452,72560,65681,27745,263176,232354,88.2884457549321,196904,74.8183724959723,64041,24.3339058272791,30822,11.7115542450679,5320.161,8.1,8275.806,12.6,10180.555,15.5
"Cobb County, GA",72,9658,7.45495961896873,560255,399396,398737,31944,160859,8.0112956660656,268616,65873,89047,183266,33778,714030,595720,83.4306681792082,501468,70.2306625772026,148513,20.7992661372771,118310,16.5693318207918,17227.004,9.4,25107.442,13.7,19609.462,10.7
"Collier County, FL",22,3256,6.75675675675676,285308,152988,152970,11864,132320,7.75576910505328,129888,57452,95419,87665,38297,339234,270687,79.793593802508,198743,58.5858139219536,138361,40.7863009014427,68547,20.206406197492,7977.515,9.1,16919.345,19.3,12886.755,14.7
"Collin County, TX",44,10923,4.0281973816717,651701,467915,467243,23054,183786,4.93404930624964,305827,84735,107693,226540,38883,859074,748153,87.0883067116453,672397,78.2699744143112,132831,15.4621138574791,110921,12.9116932883547,12912.78,5.7,17217.04,7.6,14272.02,6.3
"Contra Costa County, CA",43,12596,3.41378215306446,865668,559534,558915,48995,306134,8.76609144503189,384646,80185,109573,273149,39313,1090556,984128,90.2409413180066,798694,73.2373211462777,309631,28.3920312207718,106428,9.75905868199341,21305.622,7.8,32777.88,12,29226.943,10.7
"Cook County, IL",480,68848,6.97188008366256,4173224,2761294,2760232,296577,1411930,10.7446403055975,1942959,55251,80367,1184857,31013,5192597,4451741,85.7324571885706,3194285,61.5161353750349,1692117,32.5871042948259,740856,14.2675428114294,156401.124,13.2,240525.971,20.3,200240.833,16.9
"Cumberland County, ME",15,2722,5.51065393093314,236013,161178,160804,8608,74835,5.35310066913758,117135,60051,81253,72020,34081,282880,259379,91.6922369909502,210240,74.3212669683258,85078,30.0756504524887,23501,8.30776300904977,5473.52,7.6,9218.56,12.8,8282.3,11.5
"Cumberland County, NC",56,5412,10.3473762010347,248496,161722,135847,17097,86774,12.5854821968833,122643,44171,57531,80343,22931,296804,258644,87.1430304173798,194806,65.6345601811296,103158,34.7562701311303,38160,12.8569695826202,11408.706,14.2,17273.745,21.5,18157.518,22.6
"Cuyahoga County, OH",156,14842,10.510712841935,1021714,645609,645281,68678,376105,10.6431151699802,534719,44190,64869,305683,28215,1247668,1128016,90.4099488004822,814239,65.2608706803412,464952,37.2656828579398,119652,9.59005119951782,44324.035,14.5,73058.237,23.9,78254.848,25.6
"Dakota County, MN",24,5266,4.55753892897835,317479,235937,235728,11739,81542,4.97989207900631,156466,75567,93456,108777,36171,406645,381759,93.8801657465357,334345,82.2203641997319,92223,22.6789951923668,24886,6.11983425346432,5547.627,5.1,9246.045,8.5,9572.376,8.8
"Dallas County, TX",282,40131,7.02698661882335,1881581,1290290,1289396,97438,591291,7.55687158948841,881279,50270,75126,576726,27605,2464732,1852587,75.1638311994976,1285448,52.1536621425778,722883,29.3290710714187,612145,24.8361688005024,91699.434,15.9,134953.884,23.4,109001.214,18.9
"Dane County, WI",41,6178,6.63645192618971,413418,302324,302073,14922,111094,4.93986552919327,211114,62865,82258,122178,34562,506157,475578,93.958593875023,417538,82.4917960237634,114271,22.5761967136679,30579,6.04140612497703,7941.57,6.5,13806.114,11.3,13561.758,11.1
"Dauphin County, PA",23,3371,6.8229012162563,216854,142648,142361,10078,74206,7.07918601302323,109623,53754,71238,69264,29461,267726,242921,90.7349304886339,193850,72.4061167014037,86819,32.4283035640916,24805,9.2650695113661,6510.816,9.4,11220.768,16.2,14060.592,20.3
"Davidson County, TN",72,10325,6.97336561743341,529259,368439,367958,26410,160820,7.17744960022611,264211,48368,69962,146749,29589,650581,551481,84.7674616996193,418590,64.3409506272086,189069,29.0615618962128,99100,15.2325383003807,20251.362,13.8,34192.517,23.3,31257.537,21.3
"Davis County, UT",31,5878,5.27390268798911,225811,156511,154345,6470,69300,4.19190773915579,97910,71112,85053,79556,26411,320325,292694,91.3740732068992,261126,81.5190821821587,60327,18.8330601732615,27631,8.62592679310076,4932.472,6.2,6841.816,8.6,5807.588,7.3
"DeKalb County, GA",80,11095,7.21045515998197,562904,389233,388735,43859,173671,11.2824932151723,267396,51376,75140,156378,29486,708943,573911,80.9530526431603,434765,61.325804754402,192655,27.1749632904197,135032,19.0469473568397,23456.7,15,35341.428,22.6,29399.064,18.8
"Delaware County, PA",49,6554,7.47635032041501,450577,293203,293153,23933,157374,8.16399627498269,203817,65123,90828,136633,34064,554295,511147,92.2156974174402,421028,75.9573873118105,160689,28.9897978513247,43148,7.78430258255983,10247.475,7.5,16395.96,12,15576.162,11.4
"Denton County, TX",39,10043,3.88330180225032,559855,411699,411349,23465,148156,5.70440185827606,257275,75050,96283,182667,34914,727409,623165,85.6691352457833,550721,75.7099513478662,121200,16.6618779806134,104244,14.3308647542167,10594.686,5.8,15161.361,8.3,14430.693,7.9
"Denver County, CO",49,10056,4.87271280827367,525109,372267,371912,23530,152842,6.32676547140184,275795,53637,79959,133549,35218,643117,550082,85.5337364740786,399364,62.0981874215734,199739,31.0579567947978,93035,14.4662635259214,17094.272,12.8,26709.8,20,17494.919,13.1
"District of Columbia, DC",84,9578,8.77009814157444,546805,377072,373626,35811,169733,9.58471840824782,273390,70848,107594,118737,47675,636610,599599,94.186236471309,442948,69.5791772042538,223636,35.1291999811502,37011,5.81376352869104,16979.391,14.3,25884.666,21.8,15792.021,13.3
"Douglas County, CO",11,3382,3.25251330573625,227628,167128,166710,6799,60500,4.07833963169576,111113,102964,125928,86372,45500,306019,290618,94.9673059515912,272164,88.9369614304994,42344,13.8370493335381,15401,5.03269404840876,2677.532,3.1,3195.764,3.7,2332.044,2.7
"Douglas County, NE",56,8715,6.42570281124498,412872,294608,293962,16613,118264,5.65141072655649,208541,54659,75076,129038,29842,531473,471455,88.7072344220685,382892,72.0435468970202,137982,25.9621843442658,60018,11.2927655779315,13548.99,10.5,20904.156,16.2,22839.726,17.7
"DuPage County, IL",30,10891,2.75456799191993,736804,516237,515903,36311,220567,7.03833860241169,338083,79658,106298,239546,39336,924581,847386,91.6508126383735,730091,78.9645255526557,210763,22.7955149413626,77195,8.34918736162651,12456.392,5.2,19642.772,8.2,15330.944,6.4
"Durham County, NC",25,4231,5.90876861262113,230809,156010,155747,10612,74799,6.81361438743603,115975,52503,73749,67955,30268,283358,240696,84.944134275369,191759,67.6737554612892,75978,26.8134303601804,42662,15.055865724631,8630.285,12.7,13998.73,20.6,12843.495,18.9
"Duval County, FL",108,13039,8.28284377636322,707294,465561,455106,45685,241733,10.0383207428599,337900,47690,66270,209958,26543,872854,742139,85.0244141631934,553901,63.4586081979346,279294,31.9977911540762,130715,14.9755858368066,28134.372,13.4,45350.928,21.6,44301.138,21.1
"East Baton Rouge Parish, LA",75,6212,12.073406310367,354109,233353,233123,17610,120756,7.55395220548809,169120,49285,70369,103091,27944,441718,385308,87.2294088083347,291231,65.931431365713,134013,30.3390398398979,56410,12.7705911916653,13711.103,13.3,22473.838,21.8,23298.566,22.6
"El Paso County, CO",49,9458,5.18079932332417,506562,345313,317205,26757,161249,8.43523904099872,245287,58206,76967,168103,29659,624178,556234,89.1146435792354,449559,72.0241661833644,181723,29.1139706942571,67944,10.8853564207646,14120.652,8.4,22357.699,13.3,24711.141,14.7
"El Paso County, TX",57,13521,4.21566452185489,619843,376969,357775,30031,242874,8.39382293340787,259612,41637,56657,194964,18880,804897,601087,74.6787477155462,380896,47.3223281985148,272324,33.8333973166753,203810,25.3212522844538,38212.944,19.6,52835.244,27.1,44646.756,22.9
"Erie County, NY",75,10172,7.37318128195045,753286,474977,474565,33196,278309,6.9950375607135,382846,51247,67940,229957,28879,909999,857770,94.260543143454,654339,71.9054636323776,332899,36.58234789269,52229,5.739456856546,25065.313,10.9,44611.658,19.4,51740.325,22.5
"Erie County, PA",20,3132,6.38569604086845,225303,139811,139709,11168,85492,7.99375845507448,109934,45971,61352,69932,24856,274610,252682,92.0148574341794,191159,69.6110848111868,100912,36.7473872036707,21928,7.98514256582062,8321.908,11.9,14965.448,21.4,16084.36,23
"Escambia County, FL",32,3902,8.20092260379293,248990,153856,143857,13455,95134,9.35303808643305,113660,45390,59988,68430,24161,290220,249444,85.9499689890428,190026,65.4765350423816,101548,34.9900075804562,40776,14.0500310109572,7322.01,10.7,13822.86,20.2,15259.89,22.3
"Essex County, MA",39,8544,4.56460674157303,614462,416164,415828,31946,198298,7.68250334272824,287912,69068,93696,192381,36212,756354,727463,96.1802277769404,541757,71.6274390034296,280996,37.1513867844951,28891,3.81977222305957,16544.766,8.6,26163.816,13.6,22700.958,11.8
"Essex County, NJ",64,10325,6.19854721549637,621013,411667,411643,53414,209346,12.9758067062965,278085,53976,88556,181249,32708,780124,653684,83.792320195251,467183,59.885736113746,246969,31.6576595515585,126440,16.207679804749,25737.358,14.2,37881.041,20.9,41324.772,22.8
"Fairfax County, VA",51,14448,3.52990033222591,886641,645715,634904,30938,240926,4.87286266900193,392355,112552,142982,280010,51025,1115267,993994,89.1261016420283,911809,81.7570142396395,190898,17.1167980402899,121273,10.8738983579717,11200.4,4,16800.6,6,12320.44,4.4
"Fairfield County, CT",49,10118,4.84285431903538,743451,509716,509408,45798,233735,8.99043595703248,334320,84233,137183,232921,50137,931369,831099,89.2341273974118,669965,71.9333583144812,254191,27.2921903133989,100270,10.7658726025882,14906.944,6.4,21894.574,9.4,17236.154,7.4
"Fayette County, KY",21,4044,5.19287833827893,249544,168977,168794,11596,80567,6.86991243764589,125752,49778,71834,72466,30031,303006,268942,88.7579783898669,219319,72.381074962212,80021,26.4090480056501,34064,11.2420216101331,8768.386,12.1,13551.142,18.7,16594.714,22.9
"Forsyth County, NC",31,4340,7.14285714285714,284965,180182,179860,17070,104783,9.49071500055599,143207,45471,65908,90219,26674,358604,307680,85.7993775864184,234257,65.3247035727432,113301,31.5950184604745,50924,14.2006224135816,12630.66,14,21472.122,23.8,18945.99,21
"Fort Bend County, TX",51,9888,5.15776699029126,493742,331834,331602,17068,161908,5.1471342151133,206188,89152,111980,170472,35962,653193,556113,85.1376239488176,483151,73.9675716059419,112996,17.2990218817409,97080,14.8623760511824,11080.68,6.5,15172.008,8.9,13467.288,7.9
"Franklin County, OH",144,19173,7.5105617274292,956166,663406,662811,46443,292760,7.00697483898125,480946,52341,71665,279594,29244,1207823,1068238,88.4432570004049,825260,68.3262365429372,345553,28.6095727602472,139585,11.5567429995951,35788.032,12.8,55639.206,19.9,51724.89,18.5
"Fresno County, CA",118,15359,7.68279184842763,709064,432146,431701,57137,276918,13.2353179631273,296305,45233,63314,216106,20408,945353,790026,83.5694179846047,467469,49.4491475670993,407855,43.1431433549161,155327,16.4305820153953,47327.214,21.9,68505.602,31.7,72179.404,33.4
"Fulton County, GA",92,13579,6.77516753811032,778889,524454,523844,52028,254435,9.93196447797436,379957,57207,93815,207569,37926,975177,828254,84.9337094701782,660770,67.7589811900814,240362,24.6480382535683,146923,15.0662905298218,26983.97,13,39230.541,18.9,36117.006,17.4
"Galveston County, TX",20,4218,4.74158368895211,240082,155921,155269,11588,84161,7.46317680927938,113866,62313,83685,77609,31585,303734,254676,83.8483673214062,206701,68.0532966345552,77767,25.603653196547,49058,16.1516326785938,8071.336,10.4,12495.049,16.1,10011.561,12.9
"Genesee County, MI",43,4761,9.03171602604495,329094,186456,186341,24591,142638,13.1967736568978,165268,42327,56528,106647,22957,413289,378331,91.5415121137993,262504,63.5158448446487,181557,43.9297924696762,34958,8.4584878862007,17596.755,16.5,29541.219,27.7,37753.038,35.4
"Gloucester County, NJ",10,2935,3.40715502555366,231169,156121,156035,14400,75048,9.22869868939661,104268,76727,92613,75337,34025,288920,267338,92.5301121417694,225367,78.0032534957774,75617,26.1722968295722,21582,7.46988785823065,4143.535,5.5,6704.993,8.9,7835.048,10.4
"Greene County, MO",32,3565,8.97615708274895,229866,145387,145206,9899,84479,6.81721140999683,117732,41227,56579,69698,24097,279368,239550,85.7471149165259,188782,67.5746685375562,82428,29.5051688095988,39818,14.2528850834741,9060.74,13,14706.278,21.1,15891.144,22.8
"Greenville County, SC",32,6429,4.97744594804791,375054,238321,237964,18154,136733,7.62888504143484,179862,50540,69209,120620,27200,470429,401851,85.4222422512218,314004,66.7484360020322,138002,29.3353513495129,68578,14.5777577487782,14233.16,11.8,23159.04,19.2,21832.22,18.1
"Guilford County, NC",45,6096,7.38188976377953,404441,259279,258863,22723,145162,8.77800226374569,199540,45651,66129,126562,26762,502863,430647,85.639030909015,328562,65.3382730485241,150827,29.9936563238894,72216,14.360969090985,16453.06,13,26578.02,21,30881.128,24.4
"Gwinnett County, GA",78,11519,6.77142113030645,645209,448414,447728,37166,196795,8.30102204910124,274017,60289,77206,209434,25831,854130,685291,80.2326343765001,557037,65.2168873590671,186291,21.8106143092972,168839,19.7673656234999,23666.042,11.3,33509.44,16,27645.288,13.2
"Hamilton County, IN",20,3867,5.17196793379881,219844,161349,161119,6929,58495,4.30054804213035,108253,86222,112303,80098,41316,295067,275455,93.3533739794691,255042,86.4352841896925,43762,14.8312078273748,19612,6.64662602053093,2803.43,3.5,4084.998,5.1,2723.332,3.4
"Hamilton County, OH",103,10976,9.38411078717201,637482,420806,420681,37126,216676,8.82521435481992,331638,49013,71723,194047,30360,796192,719733,90.3969143121257,542229,68.1027943008721,260527,32.721629958603,76459,9.60308568787428,26778.486,13.8,44242.716,22.8,49481.985,25.5
"Hamilton County, TN",31,4287,7.23116398413809,282160,177132,176911,14093,105028,7.96615247214701,136319,48248,67670,88629,27518,344364,304937,88.5507776654935,235248,68.3137610203157,113305,32.9026843688655,39427,11.4492223345065,10015.077,11.3,16839.51,19,18080.316,20.4
"Hampden County, MA",27,5134,5.25905726529022,374641,236748,236325,23583,137893,9.97905426848619,176900,50461,67900,115651,26560,462556,444302,96.0536670154533,289877,62.6685201359403,214760,46.4289729243594,18254,3.94633298454674,15959.838,13.8,26831.032,23.2,30416.213,26.3
"Harris County, TX",416,73478,5.66155856174637,3291654,2251934,2250578,168689,1039720,7.49536341330983,1499528,54457,81214,1024967,29047,4335831,3315580,76.4693088821958,2373799,54.7484207756252,1190695,27.4617483937912,1020251,23.5306911178042,152720.083,14.9,222417.839,21.7,200893.532,19.6
"Hartford County, CT",57,9252,6.16083009079118,724002,485454,485031,45312,238548,9.3420832895217,346362,66395,89684,227097,35611,881615,821056,93.1309018108812,628186,71.2540054332106,294158,33.3658116071074,60559,6.86909818911883,20211.633,8.9,32020.677,14.1,28387.125,12.5
"Hennepin County, MN",94,16847,5.57962842049029,957644,692127,691752,41428,265517,5.98885149591183,490196,65834,92879,283946,38724,1188371,1095521,92.1867834203292,895890,75.3880732532181,323909,27.2565554023112,92850,7.81321657967083,22999.626,8.1,39184.548,13.8,34925.358,12.3
"Henrico County, VA",34,3997,8.50637978483863,252172,176899,176723,11846,75273,6.7031456007424,124589,61934,83275,79485,33634,316845,283074,89.341476116082,240912,76.034654168442,77409,24.4311887515978,33771,10.658523883918,6438.285,8.1,10412.535,13.1,13273.995,16.7
"Hidalgo County, TX",76,16086,4.72460524679846,571313,330963,330701,32671,240350,9.87931696608114,224021,34782,50757,183335,14689,811347,529686,65.2847671834616,264244,32.5685557474176,302425,37.2744337502943,281661,34.7152328165384,54817.165,29.9,72783.995,39.7,66367.27,36.2
"Hillsborough County, FL",143,17568,8.13979963570127,1034849,674247,668998,60021,360602,8.97177570037579,486078,50579,71190,309914,27764,1290830,1080108,83.6754646235368,789942,61.1964395001666,401197,31.080545075649,210722,16.3245353764632,39359.078,12.7,58263.832,18.8,56404.348,18.2
"Hillsborough County, NH",20,4178,4.78697941598851,325544,228863,228742,13527,96681,5.91364943910607,155208,71244,89871,104048,35242,400028,364651,91.1563690541662,306810,76.6971312008159,100609,25.1504894657374,35377,8.84363094583379,6034.784,5.8,10092.656,9.7,11549.328,11.1
"Honolulu County, HI",72,13265,5.42781756502073,792760,523197,482523,27042,269563,5.60429243787343,309602,74460,92649,217945,31041,933710,886624,94.9571065962665,739398,79.1892557646378,280561,30.047980636386,47086,5.04289340373349,14166.425,6.5,20486.83,9.4,15909.985,7.3
"Horry County, SC",19,3176,5.9823677581864,239962,141715,141542,12381,98247,8.74722697149963,118738,43299,56767,76523,24094,289466,233430,80.6415952132547,170190,58.7944698168351,110890,38.3084714612424,56036,19.3584047867452,10024.513,13.1,18977.704,24.8,18059.428,23.6
"Howard County, MD",26,3564,7.29517396184063,238290,172916,171759,8481,65374,4.93773252056661,108555,110238,132751,80937,48104,301598,283478,93.9920025994867,255333,84.6600441647491,58334,19.341640196553,18120,6.00799740051327,3075.606,3.8,4370.598,5.4,3237.48,4
"Hudson County, NJ",32,10437,3.06601513844975,541254,374420,374293,34687,166834,9.26733868920872,249584,59741,84741,154599,33185,659054,530909,80.5562214932312,372533,56.5254136990292,195129,29.6074373268351,128145,19.4437785067688,23189.85,15,34166.379,22.1,23344.449,15.1
"Ingham County, MI",25,3262,7.66400980993256,232336,146383,146295,13204,85953,9.02559896100345,110418,45679,63245,60967,25436,281784,258159,91.6159185759305,204937,72.7284018964881,88259,31.3215086733101,23625,8.3840814240695,8413.446,13.8,13717.575,22.5,15790.453,25.9
"Jackson County, MO",54,9348,5.77663671373556,533825,353183,353010,26735,180642,7.57343984589672,274485,46869,63886,162706,26629,674244,575764,85.3940116634334,445293,66.0433018313845,200431,29.7267754700079,98480,14.6059883365666,21965.31,13.5,36934.262,22.7,40188.382,24.7
"Jefferson County, AL",91,8792,10.3503184713376,523210,323045,322632,29430,200165,9.12184780182995,260929,45610,66801,166460,27240,651597,574418,88.1554089414162,434370,66.6623695320881,216147,33.1718838484523,77179,11.8445910585838,24969,15,39284.56,23.6,36787.66,22.1
"Jefferson County, CO",17,5882,2.89017341040462,449317,313044,312852,18462,136273,5.90119289632158,222892,70164,89899,144412,37065,545981,494781,90.6223842954242,420961,77.1017672776159,132267,24.2255682890064,51200,9.3776157045758,7942.66,5.5,13574.728,9.4,11986.196,8.3
"Jefferson County, KY",60,10147,5.9130777569725,602071,395319,394720,33210,206752,8.41355897851642,306915,48695,68917,185758,28822,747569,668296,89.3958952284003,517246,69.1904024912751,247669,33.129918442311,79273,10.6041047715997,21919.444,11.8,36965.842,19.9,35851.294,19.3
"Jefferson County, TX",28,3783,7.40153317472905,199717,113314,113186,9983,86403,8.81999540579224,93495,43540,61977,59419,24154,239027,186088,77.8522928372109,130833,54.7356574780255,79092,33.0891489245985,52939,22.1477071627891,9625.878,16.2,14617.074,24.6,15330.102,25.8
"Jefferson Parish, LA",41,6082,6.74120355146333,350277,226079,225344,14998,124198,6.65560210167566,168104,47947,66801,106320,27127,431764,360982,83.6063219721885,253140,58.6292511649883,148053,34.2902604200443,70782,16.3936780278115,13821.6,13,22539.84,21.2,21689.28,20.4
"Johnson County, KS",36,7541,4.77390266542899,437103,317113,316811,14279,119990,4.50710360435717,219735,76113,102246,149562,40331,562538,521845,92.7661775737817,472621,84.0158353746769,106393,18.9130334306305,40693,7.23382242621832,5982.48,4,8973.72,6,8525.034,5.7
"Kalamazoo County, MI",20,3160,6.32911392405063,206012,135249,135142,12333,70763,9.12595640141481,100341,47476,65805,60438,26416,254844,232774,91.3398000345309,187029,73.3896030512784,78902,30.9609015711573,22070,8.66019996546907,6769.056,11.2,11060.154,18.3,15593.004,25.8
"Kane County, IL",31,6688,4.63516746411483,397542,276637,276540,21010,120905,7.59745425616547,172479,70696,91851,128926,31056,521685,459275,88.036842155707,357026,68.4370836807652,147002,28.1783068326672,62410,11.963157844293,10829.784,8.4,17533.936,13.6,12763.674,9.9
"Kent County, MI",58,8842,6.55960190002262,481956,331133,330899,25391,150823,7.6733383902641,232961,53063,70755,154417,27032,618639,560280,90.5665501205065,446615,72.1931530343221,183893,29.7254133670848,58359,9.43344987949353,16059.368,10.4,26405.307,17.1,24706.72,16
"Kern County, CA",94,13768,6.8274259151656,637913,376504,374732,47438,261409,12.6591804276123,259700,49026,65917,196097,20644,836745,703042,84.0210577894102,433132,51.763918517589,335389,40.0825819096618,133703,15.9789422105898,38042.818,19.4,54122.772,27.6,46671.086,23.8
"King County, WA",92,25487,3.60968336799153,1662833,1155495,1152753,73152,507338,6.34585206024187,819651,75302,101859,488006,41664,2032142,1834387,90.2686426440672,1539435,75.7543026028693,485388,23.8855355580466,197755,9.7313573559328,34160.42,7,52216.642,10.7,48312.594,9.9
"Kings County, NY",164,41599,3.94240246159763,2051603,1297832,1297115,129667,753771,9.99656930958319,931786,48201,71957,585894,26774,2585048,2274398,87.9828150192956,1329357,51.4248478171392,1121697,43.3917281226499,310650,12.0171849807044,114835.224,19.6,157605.486,26.9,127138.998,21.7
"Kitsap County, WA",24,3058,7.8482668410726,207638,129200,117176,9431,78438,8.04857650030723,97739,62941,79829,65501,32063,241615,220424,91.2294352585725,181523,75.1290275852079,79505,32.9056556919065,21191,8.77056474142748,4585.07,7,7925.621,12.1,10807.665,16.5
"Knox County, TN",39,5359,7.2774771412577,359557,230583,230298,15045,128974,6.5328400594013,180729,48701,68276,110486,28337,440820,393878,89.3512091102944,313525,71.1231341590672,129783,29.4412685449843,46942,10.6487908897055,12042.974,10.9,20439.91,18.5,21986.714,19.9
"Lake County, FL",30,3184,9.42211055276382,255440,134865,134718,13076,120575,9.7062011015603,119251,46403,60590,82497,24236,307095,263302,85.7395919829369,192463,62.6721372865074,127048,41.3709112815253,43793,14.2604080170631,8167.203,9.9,14931.957,18.1,14519.472,17.6
"Lake County, IL",36,7718,4.66442083441306,543597,378547,368176,29217,165050,7.93560688366433,242426,78026,111565,179321,39299,687664,618737,89.9766455710929,507476,73.7970869494404,174131,25.3221049815026,68927,10.0233544289071,13269.754,7.4,20083.952,11.2,22056.483,12.3
"Lake County, IN",42,5925,7.08860759493671,384151,237463,237413,24990,146688,10.5259610889041,183314,50135,64295,123259,24756,488067,421424,86.3455222336278,316022,64.7497167397099,161685,33.1276238713127,66643,13.6544777663722,17502.778,14.2,28842.606,23.4,28596.088,23.2
"Lancaster County, NE",27,4069,6.63553698697469,236077,169854,169432,8566,66223,5.05571556730724,117667,51830,68815,70549,27764,293703,265225,90.3038103117775,225723,76.8541690074667,70921,24.1471826981679,28478,9.69618968822246,6561.057,9.3,11146.742,15.8,15026.937,21.3
"Lancaster County, PA",42,7263,5.78273440726972,416312,276771,276565,16964,139541,6.13382025925189,195330,57721,72224,137133,27158,523210,456956,87.3370157298217,369580,70.6370291087709,154487,29.5267674547505,66254,12.6629842701783,10010.709,7.3,17004.492,12.4,17141.625,12.5
"Lane County, OR",20,3607,5.54477405045744,296467,175986,175887,17397,120481,9.8910095686435,146235,44103,59734,86645,24960,355540,312099,87.7816841986837,232479,65.3875794566012,131688,37.0388704505822,43441,12.2183158013163,10224.11,11.8,17848.87,20.6,23480.795,27.1
"Larimer County, CO",12,3485,3.44332855093257,259993,176103,175790,11779,83890,6.70060868081233,125138,59805,78071,78216,31304,315783,285214,90.3196182188401,239006,75.686784912424,80552,25.5086562607867,30569,9.68038178115985,5005.824,6.4,8290.896,10.6,8916.624,11.4
"Lee County, FL",42,6777,6.19743249225321,552379,292967,292753,29674,259412,10.1361898938696,252287,48537,68651,165635,28010,658174,535624,81.3803036886902,378942,57.5747446723815,272546,41.4094145317196,122550,18.6196963113098,18385.485,11.1,35777.16,21.6,26998.505,16.3
"Lehigh County, PA",23,4193,5.48533269735273,284482,186286,186205,15757,98196,8.46217878145055,133960,56117,74253,89871,28688,351921,316900,90.048618866166,246203,69.9597352814978,115372,32.7834940228063,35021,9.95138113383401,8717.487,9.7,15008.457,16.7,15997.038,17.8
"Leon County, FL",21,3047,6.89202494256646,235024,157227,157057,16719,77797,10.6451797754955,110834,46745,65839,60921,26522,279510,246821,88.3048907015849,206921,74.0299094844549,67257,24.0624664591607,32689,11.6951092984151,6640.389,10.9,9808.281,16.1,9625.518,15.8
"Lexington County, SC",27,3201,8.4348641049672,216261,143346,142835,10730,72915,7.51216438547975,106637,53857,68528,72498,27248,270767,236630,87.3924813585112,190584,70.3867162541964,79321,29.2949288502661,34137,12.6075186414888,7612.29,10.5,12542.154,17.3,13412.13,18.5
"Lorain County, OH",19,3390,5.6047197640118,241620,151974,151906,13437,89646,8.84560188537648,117298,52457,67743,79771,26804,296570,272421,91.8572343797417,212278,71.5777050949186,101489,34.2209259196817,24149,8.14276562025829,8695.039,10.9,15555.345,19.5,17629.391,22.1
"Los Angeles County, CA",510,124641,4.09175151033769,7997089,5153776,5150589,515124,2843313,10.0012639331152,3263069,56196,82941,2186485,28337,9968960,8134459,81.5978697878214,5479225,54.9628547009919,3276323,32.865243716496,1834501,18.4021302121786,312667.355,14.3,463534.82,21.2,376075.42,17.2
"Loudoun County, VA",24,5307,4.52232899943471,256779,195481,194311,7837,61298,4.03322508761727,113432,123453,143939,87905,47495,349284,321443,92.0291224333207,303361,86.8522463095933,41373,11.8450888102518,27841,7.97087756667926,2285.53,2.6,2900.865,3.3,3340.39,3.8
"Lubbock County, TX",12,4113,2.91757840991977,227430,150911,150794,9301,76519,6.16801729511784,107540,46075,64233,66941,24510,286551,236222,82.4362853383865,182683,63.7523512393954,80693,28.1600831963595,50329,17.5637146616135,8367.625,12.5,12986.554,19.4,12651.849,18.9
"Lucas County, OH",30,5567,5.38889886833124,345775,217795,217589,24123,127980,11.0864979387745,177619,41777,59179,106520,24816,430966,386841,89.7613732869878,278997,64.7375895082211,162901,37.7990375110798,44125,10.2386267130122,17575.8,16.5,28440.84,26.7,40051.52,37.6
"Luzerne County, PA",21,3168,6.62878787878788,264631,159898,159734,12491,104733,7.81987554309039,128692,45897,60341,81766,25224,312373,285783,91.4877406177871,221145,70.7951711575584,115875,37.0950754386583,26590,8.51225938221293,9648.388,11.8,17579.69,21.5,17661.456,21.6
"Macomb County, MI",56,9413,5.9492191649846,689284,441134,440623,39477,248150,8.95935981553392,336379,54582,68599,222951,27525,848168,769322,90.7039643089577,624107,73.5829458314862,270215,31.8586647928241,78846,9.29603569104234,22295.1,10,36786.915,16.5,40131.18,18
"Madison County, AL",33,4159,7.93459966338062,277343,180077,179022,15269,97266,8.52911932611634,137767,57993,79044,89551,32131,342206,301568,88.1246968200441,254135,74.2637475672548,93425,27.3008071161815,40638,11.8753031799559,8955.1,10,14507.262,16.2,20059.424,22.4
"Madison County, IL",21,3082,6.81375730045425,214640,137394,137210,12180,77246,8.87690401574229,107111,53431,69018,70309,28337,264937,243710,91.9879065589178,190310,71.8321714218852,88521,33.4120941959787,21227,8.01209344108222,6749.664,9.6,11319.749,16.1,14202.418,20.2
"Manatee County, FL",21,3469,6.05361775727875,283666,153738,153618,13202,129928,8.59404496868856,134725,49675,67786,88402,27958,340989,283281,83.0762869183463,208289,61.0837886266126,135821,39.8314901653719,57708,16.9237130816537,9017.004,10.2,17149.988,19.4,17149.988,19.4
"Maricopa County, AZ",292,54736,5.33469745688395,3115673,1977494,1973499,152461,1138179,7.72541561966842,1442518,54229,74347,945115,27832,3988822,3381464,84.773499544477,2516393,63.0861191599926,1253234,31.4186494157924,607358,15.226500455523,119084.49,12.6,186187.655,19.7,173901.16,18.4
"Marion County, FL",22,3584,6.13839285714286,281133,131261,131149,15690,149872,11.9634919061525,132287,39459,51968,86114,21675,328847,273454,83.1553883721001,177923,54.1051005482793,157466,47.8842744498201,55393,16.8446116278999,11367.048,13.2,22906.324,26.6,22734.096,26.4
"Marion County, IN",112,14495,7.72680234563643,718183,486246,485872,49185,231937,10.1230365199065,363558,42168,59189,209677,24330,916471,773875,84.440751534964,542058,59.1462250305793,315749,34.4526995398654,142596,15.559248465036,34806.382,16.6,54935.374,26.2,49274.095,23.5
"Marion County, OR",22,4448,4.94604316546763,249882,154402,154202,16496,95480,10.6976563209297,113996,48432,61647,78914,22490,317324,272968,86.0218577857332,193553,60.9953864189283,120690,38.0336816629061,44356,13.9781422142668,11205.788,14.2,18071.306,22.9,19649.586,24.9
"McHenry County, IL",13,3266,3.98040416411513,238924,171104,170982,13756,67820,8.04529131721468,109491,77222,93222,82365,33735,306094,282293,92.2242840434638,241248,78.8150045410887,69855,22.8214208707129,23801,7.77571595653623,4530.075,5.5,7001.025,8.5,7659.945,9.3
"Mecklenburg County, NC",92,14860,6.19111709286676,769714,552253,551638,49183,217461,8.91581073095037,379786,56854,83907,235877,33169,984628,835466,84.8509284724789,668469,67.8905129653026,242439,24.6223954630581,149162,15.1490715275211,27361.732,11.6,39863.213,16.9,34438.042,14.6
"Merced County, CA",22,4104,5.36062378167641,193076,114918,114820,18650,78158,16.2428148406201,77692,42462,58398,59568,18204,260892,219371,84.0849853579259,125243,48.0056881774834,115711,44.3520690553946,41521,15.9150146420741,13164.528,22.1,18525.648,31.1,17989.536,30.2
"Mercer County, NJ",32,4125,7.75757575757576,298596,196229,196115,18506,102367,9.43630013002575,130546,72804,103873,88299,37680,363188,325435,89.6051080982852,265498,73.1020848706455,99623,27.4301463704748,37753,10.3948919017148,7063.92,8,11302.272,12.8,12273.561,13.9
"Miami-Dade County, FL",156,32438,4.80917442505703,2152396,1339979,1338209,133338,812417,9.9639144558137,842153,43129,67497,572388,23850,2612203,1943021,74.382465681266,1211353,46.3728508083024,836796,32.0341106721032,669182,25.617534318734,96733.572,16.9,134511.18,23.5,110470.884,19.3
"Middlesex County, MA",55,17304,3.17845584835876,1272238,888057,886585,53832,384181,6.07183744367432,585642,85118,114411,376456,44152,1540469,1490008,96.7243092850294,1243021,80.6910752504594,418997,27.1993139751595,50461,3.27569071497057,21081.536,5.6,30492.936,8.1,29363.568,7.8
"Middlesex County, NJ",38,9241,4.11210907910399,667176,435760,435528,32762,231416,7.52236365974174,282058,79593,99135,205038,34674,820703,726338,88.5019306618838,612313,74.6083540574361,188833,23.0086888923277,94365,11.4980693381162,13122.432,6.4,18658.458,9.1,12302.28,6
"Milwaukee County, WI",117,13915,8.40819259791592,745676,491179,490919,45745,254497,9.31823783556962,381715,43873,60361,217388,24984,946726,844706,89.2239148391404,570167,60.2251337768267,364800,38.5327961839011,102020,10.7760851608596,37390.736,17.2,58042.596,26.7,54781.776,25.2
"Mobile County, AL",43,5663,7.59314850785803,325152,190415,189544,18644,134737,9.8362385514709,154188,43809,58783,103554,22953,406218,348431,85.7743871517264,253391,62.3780827043607,142605,35.1055344667149,57787,14.2256128482736,16257.978,15.7,24852.96,24,31376.862,30.3
"Monmouth County, NJ",15,5952,2.52016129032258,505316,333780,333439,26256,171536,7.87430384568092,233105,85242,115006,162126,43469,624974,568273,90.9274625824434,492659,78.8287192747218,151431,24.2299679666674,56701,9.07253741755657,8592.678,5.3,13456.458,8.3,11024.568,6.8
"Monroe County, NY",63,8178,7.70359501100514,606638,392381,392189,30241,214257,7.71082309804711,299764,52553,70955,182181,29424,742169,697148,93.9338614250932,542377,73.0799858253309,256368,34.5430757684571,45021,6.06613857490679,20039.91,11,35343.114,19.4,34250.028,18.8
"Monterey County, CA",40,6420,6.23052959501558,326799,199740,193691,16358,127059,8.44541047338286,125402,58783,81128,90914,24994,410004,333477,81.3350601457547,228076,55.627749973171,144115,35.1496570765163,76527,18.6649398542453,11818.82,13,18000.972,19.8,13364.358,14.7
"Montgomery County, MD",70,13203,5.30182534272514,804704,578584,575171,34838,226120,6.05698131512194,365235,99435,133543,253531,49110,1009178,905656,89.7419483976068,777342,77.0272439549812,231897,22.9788005683834,103522,10.2580516023932,11662.426,4.6,16733.046,6.6,14958.329,5.9
"Montgomery County, OH",52,6659,7.80898032737648,426467,263098,261344,24687,163369,9.44617056446676,222687,43829,60110,133872,25734,525410,470705,89.58813117375,340022,64.7155554709655,198379,37.7569897794104,54705,10.41186882625,19411.44,14.5,33200.256,24.8,37216.416,27.8
"Montgomery County, PA",41,8905,4.60415496911847,654259,447414,447095,28684,206845,6.41563873449714,308626,80675,109215,210938,42275,799584,753496,94.2360027214151,666762,83.3886120782807,194044,24.2681194220995,46088,5.76399727858486,9070.334,4.3,13500.032,6.4,13289.094,6.3
"Montgomery County, TX",35,7338,4.7696920141728,382384,245458,245208,14950,136926,6.09686470261982,173238,68838,95714,128184,34215,499565,416352,83.3429083302473,341705,68.4005084423448,116632,23.346711639126,83213,16.6570916697527,12049.296,9.4,18458.496,14.4,15894.816,12.4
"Morris County, NJ",12,4717,2.5439898240407,400047,276350,276181,17319,123697,6.27088757010801,180093,100214,134252,129519,49552,494204,457336,92.5399227849228,415317,84.0375634353425,97858,19.8011347540692,36868,7.46007721507717,3885.57,3,5569.317,4.3,4274.127,3.3
"Multnomah County, OR",51,9420,5.4140127388535,630013,432755,432574,37937,197258,8.77006015155788,310669,54102,75468,169156,31544,763208,668551,87.5974832548925,511461,67.0146277292691,234048,30.6663452165072,94657,12.4025167451075,20298.72,12,31632.172,18.7,23512.684,13.9
"Nassau County, NY",58,14278,4.06219358453565,1091381,712473,712003,45819,378908,6.43522569427376,440640,99465,129293,337910,43206,1344466,1243750,92.5088473788106,1069584,79.5545592078937,339631,25.2614048997892,100716,7.49115262118938,14868.04,4.4,23315.79,6.9,17233.41,5.1
"New Castle County, DE",55,6663,8.25453999699835,441040,290192,289856,21525,150848,7.42610123647604,202268,65476,86526,132978,32894,541226,499087,92.2141582259537,397380,73.4221933166552,164893,30.4665703421491,42139,7.78584177404633,9840.372,7.4,16090.338,12.1,13164.822,9.9
"New Haven County, CT",55,8773,6.2692351533113,701443,464630,464091,44190,236813,9.5218394668287,326028,61640,83229,207295,32852,851629,785222,92.2023557206248,588685,69.124583592151,291830,34.2672689633632,66407,7.79764427937517,19693.025,9.5,33789.085,16.3,35240.15,17
"New London County, CT",15,2604,5.76036866359447,223557,151814,144999,12009,71743,8.28212608362816,106495,66233,84880,69416,34208,261251,245325,93.9039467791511,193568,74.0927307455282,87915,33.6515458314035,15926,6.09605322084892,5136.784,7.4,8746.416,12.6,10967.728,15.8
"New York County, NY",64,18139,3.52830916809085,1414565,956468,956034,71577,458097,7.48686762186282,750419,72871,135687,310166,64993,1618623,1474513,91.096753227898,1089315,67.2988707067674,514332,31.775898402531,144110,8.90324677210197,43733.406,14.1,63273.864,20.4,31636.932,10.2
"Norfolk County, MA",27,7206,3.74687760199833,555861,385108,384882,26599,170753,6.9109493299245,259545,88262,119234,170875,45829,679055,664017,97.7854518411616,567625,83.5904308193004,182864,26.9291883573496,15038,2.21454815883839,7347.625,4.3,10765.125,6.3,8202,4.8
"Northampton County, PA",11,2791,3.9412396990326,244817,156325,156288,11434,88492,7.31598075348075,112927,60972,77995,78401,30176,296646,273960,92.3525009607411,228639,77.0746950911187,89307,30.1055803887462,22686,7.64749903925892,5331.268,6.8,9251.318,11.8,9643.323,12.3
"Nueces County, TX",37,5056,7.31803797468354,272949,176234,174481,11586,96715,6.64026455602616,126900,50337,67393,87112,25176,347131,280655,80.849880880705,195040,56.1862812598126,116825,33.6544416949221,66476,19.150119119295,12021.456,13.8,18467.744,21.2,21168.216,24.3
"Oakland County, MI",70,13597,5.14819445465912,988161,656316,655894,49410,331845,7.53322945475946,493489,67465,92580,322233,37728,1223588,1124666,91.9154159733505,966846,79.0172835954586,322999,26.3976926874079,98922,8.08458402664949,23845.242,7.4,37701.261,11.7,48657.183,15.1
"Ocean County, NJ",25,8537,2.92842919058217,460437,270888,270474,23794,189549,8.79714870930293,222494,61994,80400,149817,31200,578118,528733,91.4576262977454,409739,70.8746311306688,222793,38.5376341854085,49385,8.54237370225456,11535.909,7.7,20824.563,13.9,23221.635,15.5
"Oklahoma County, OK",82,12518,6.55056718325611,580833,379794,375673,22630,201039,6.02385585336183,291390,47437,68830,181431,27401,742083,610291,82.2402615340872,456426,61.5060579476959,232726,31.3611819702109,131792,17.7597384659128,25037.478,13.8,40096.251,22.1,40640.544,22.4
"Onondaga County, NY",33,5258,6.27615062761506,377171,238505,238001,17227,138666,7.23820488149209,184641,55092,72139,112623,29444,463030,431964,93.290715504395,338269,73.0555255598989,159354,34.4154806384036,31066,6.70928449560504,11825.415,10.5,20159.517,17.9,22637.223,20.1
"Orange County, CA",115,37609,3.05777872317796,2476835,1635634,1633526,124773,841201,7.638262262125,1009353,76509,103752,727053,34817,3098794,2653605,85.6334754746524,2014354,65.0044501183364,865258,27.9224111057398,445189,14.3665245253476,66161.823,9.1,99606.261,13.7,69797.088,9.6
"Orange County, FL",104,16715,6.22195632665271,979897,664663,664057,60374,315234,9.09168941822765,434319,47943,68045,279898,25411,1217194,975021,80.1039932829113,733934,60.2972081689525,327292,26.8890579480346,242173,19.8960067170886,38066.128,13.6,58498.682,20.9,49262.048,17.6
"Orange County, NY",21,4872,4.31034482758621,288626,189394,185121,13470,99232,7.27632197319591,125270,70848,89479,88788,31023,365674,336744,92.0885816328205,262796,71.8661977608471,113891,31.1455011841148,28930,7.91141836717951,8257.284,9.3,12963.048,14.6,14294.868,16.1
"Orleans Parish, LA",30,5068,5.91949486977111,307039,190715,189977,19523,116324,10.2765071561294,153140,36792,63703,76586,27721,371599,311482,83.8220770238887,200430,53.9371742119866,139607,37.569261488863,60117,16.1779229761113,16619.162,21.7,25886.068,33.8,21137.736,27.6
"Osceola County, FL",22,4183,5.25938321778628,233772,145866,145806,14356,87906,9.84595969987518,92338,44254,56647,68786,19165,298835,233358,78.0892465741965,155118,51.9075744139743,101751,34.0492244884301,65477,21.9107534258035,11143.332,16.2,16714.998,24.3,16439.854,23.9
"Ottawa County, MI",19,3297,5.76281468001213,212399,144403,144359,8863,67996,6.13955485975935,96283,58989,74006,70982,26519,271817,253951,93.4271955028567,218040,80.2157333794428,69656,25.6260645949297,17866,6.5728044971433,4329.902,6.1,7240.164,10.2,6814.272,9.6
"Palm Beach County, FL",74,14872,4.9757934373319,1138307,682798,682461,64559,455509,9.45973469546245,534605,53363,82436,332725,33650,1366048,1126367,82.4544232706318,826218,60.4823549392115,485056,35.5079762936588,239681,17.5455767293682,34936.125,10.5,59225.05,17.8,57894.15,17.4
"Pasco County, FL",25,5105,4.89715964740451,392316,207372,206932,19376,184944,9.36346239344326,186318,45064,59938,122704,24455,473431,406096,85.7772304728672,288571,60.953127277259,186620,39.4186270016116,67335,14.2227695271328,12147.696,9.9,19141.824,15.6,20123.456,16.4
"Passaic County, NJ",35,7004,4.99714448886351,397711,251556,251460,21698,146155,8.62880776266603,161318,59739,81048,117576,27643,503836,420984,83.5557602076866,281179,55.8076437570956,177639,35.2573059487611,82852,16.4442397923134,15990.336,13.6,24338.232,20.7,23044.896,19.6
"Philadelphia County, PA",180,22106,8.14258572333303,1246606,744437,744184,103523,502169,13.9109413800888,581050,38253,56418,309568,22919,1540765,1339178,86.9164343686415,857666,55.6649456601104,636195,41.2908522714366,201587,13.0835656313584,65009.28,21,96275.648,31.1,78630.272,25.4
"Pierce County, WA",60,11539,5.19975734465725,645441,418711,402348,37196,226730,9.2447334148548,303586,59953,75026,202396,28824,799506,708779,88.652117682669,559099,69.930557119021,250913,31.3835043139138,90727,11.347882317331,18013.244,8.9,28537.836,14.1,28740.232,14.2
"Pima County, AZ",45,11500,3.91304347826087,803330,474421,469365,46994,328909,10.0122505938875,389658,46162,63944,239972,25729,980005,849320,86.6648639547757,597535,60.9726480987342,377007,38.4699057657869,130685,13.3351360452243,31916.276,13.3,52793.84,22,51114.036,21.3
"Pinal County, AZ",27,4451,6.06605257245563,302678,150351,150122,15940,152327,10.6180306683897,127599,49477,60169,91302,21130,367032,318737,86.8417467686741,226191,61.6270515922317,144881,39.473669870747,48295,13.1582532313259,10956.24,12,17895.192,19.6,13512.696,14.8
"Pinellas County, FL",59,8745,6.74671240708977,790366,463437,462270,38919,326929,8.41910571743786,402653,45819,66039,221986,30170,920233,779963,84.7571212942809,563977,61.286326397771,341110,37.0677860933046,140270,15.2428787057191,21532.642,9.7,39735.494,17.9,37959.606,17.1
"Placer County, CA",20,3747,5.33760341606619,291432,178357,177378,14762,113075,8.32233986176414,135456,73948,94595,94904,36022,363472,330979,91.0603842937007,284396,78.2442664084166,100183,27.5627833780869,32493,8.93961570629925,5978.952,6.3,9015.88,9.5,13096.752,13.8
"Plymouth County, MA",12,5251,2.28527899447724,403555,273878,273559,21543,129677,7.87508361998691,181425,75459,97204,129176,36163,496174,480040,96.7483181303333,380532,76.6932568010416,165802,33.4160999971784,16134,3.25168186966669,7621.384,5.9,12530.072,9.7,11496.664,8.9
"Polk County, FL",62,7483,8.28544701322999,499586,275260,275118,29265,224326,10.6372538329008,221381,43162,56425,153115,21196,617100,513895,83.2758061902447,343660,55.6895154756117,247791,40.1541079241614,103205,16.7241938097553,20517.41,13.4,35369.565,23.1,35982.025,23.5
"Polk County, IA",39,7023,5.55318240068347,349332,253975,253512,14792,95357,5.83483227618416,177049,60061,78164,114317,31291,447444,416253,93.0290717944592,333943,74.6334736860926,133673,29.8747999749689,31191,6.97092820554081,10517.164,9.2,16918.916,14.8,15775.746,13.8
"Prince George's County, MD",108,12321,8.76552227903579,711108,512427,509962,44323,198681,8.69143191061295,305610,74260,90268,201936,32639,886093,763642,86.1807959209699,607683,68.5800474668009,242127,27.3252356129661,122451,13.8192040790301,13933.584,6.9,21001.344,10.4,19587.792,9.7
"Prince William County, VA",34,6858,4.95771361913094,326846,242801,236838,12899,84045,5.44633884765114,136794,98657,115399,105896,37215,429049,374256,87.2291975974772,334840,78.0423681211237,73300,17.0842957331214,54793,12.7708024025228,5188.904,4.9,7730.408,7.3,3388.672,3.2
"Providence County, RI",49,7391,6.62968475172507,512519,333194,332774,31456,179325,9.45266156610793,238284,49743,68444,148061,27162,620609,550985,88.7813421977445,396593,63.9038428382444,221707,35.7241032598625,69624,11.2186578022555,19840.174,13.4,32425.359,21.9,30944.749,20.9
"Pulaski County, AR",46,5571,8.25704541374978,307550,197356,195070,14640,110194,7.50499820577229,154240,46140,66590,92874,27708,384831,333336,86.6188014998792,246996,64.1829790219603,129677,33.6971293892644,51495,13.3811985001208,11423.502,12.3,18574.8,20,19224.918,20.7
"Queens County, NY",122,30452,4.0063050045974,1881607,1208871,1208386,103456,672736,8.561502698641,780644,57720,75162,527200,26876,2286325,1928600,84.3537117426438,1245101,54.4586180879796,855293,37.4090735131707,357725,15.6462882573562,64318.4,12.2,90678.4,17.2,63264,12
"Ramsey County, MN",50,7838,6.379178361827,417419,287311,287140,20431,130108,7.11534443128787,206857,56104,75483,120497,30333,523192,477261,91.2210049083319,359776,68.7655774553128,175704,33.5830823101271,45931,8.77899509166807,13736.658,11.4,23135.424,19.2,20484.49,17
"Richland County, SC",50,5014,9.97207818109294,320115,215460,203598,19234,104655,9.44704761343432,145069,49131,66283,88296,26026,373652,328664,87.9599199254922,259800,69.5299369466777,112452,30.095382869622,44988,12.0400800745078,10860.408,12.3,16952.832,19.2,21544.224,24.4
"Richmond County, NY",21,5367,3.91280044717719,378913,224772,224499,15386,154141,6.85348264357525,165784,73197,90236,122752,32041,468626,434826,92.7874253669237,329474,70.3063850490583,148209,31.6262862069113,33800,7.21257463307627,12397.952,10.1,17676.288,14.4,16817.024,13.7
"Riverside County, CA",119,30491,3.90279098750451,1756103,1060927,1056673,136070,695176,12.877209884231,699232,56603,74222,514800,23783,2275526,1891569,83.1266704928882,1281751,56.3276798419354,796866,35.0189802269893,383957,16.8733295071118,67438.8,13.1,97297.2,18.9,89060.4,17.3
"Rockland County, NY",21,5313,3.95256916996047,241889,158761,158611,12562,83128,7.92000554816501,98806,84855,108859,74774,34647,318078,290356,91.2845276944649,211899,66.6185652575783,114417,35.9713655141192,27722,8.71547230553512,7701.722,10.3,12337.71,16.5,15777.314,21.1
"Rutherford County, TN",26,3958,6.56897422940879,218206,152444,152065,10328,65762,6.79183244007497,100661,56219,70161,70143,25663,280190,246365,87.9278346836076,204133,72.8552053963382,65982,23.5490203076484,33825,12.0721653163924,5751.726,8.2,8697.732,12.4,10872.165,15.5
"Sacramento County, CA",91,19423,4.68516706996859,1145850,720070,718801,84904,425780,11.8118923039896,522596,55987,74159,343209,27315,1449885,1273846,87.8584163571594,916157,63.1882528614338,510683,35.2223107349893,176039,12.1415836428406,47019.633,13.7,69671.427,20.3,70014.636,20.4
"Salt Lake County, UT",78,17398,4.48327393953328,801589,569880,569241,33071,231709,5.80966585330291,351892,62117,80403,247693,27314,1070940,915532,85.4886361514184,783077,73.1205296281771,216133,20.1816161502979,155408,14.5113638485816,22787.756,9.2,33933.941,13.7,31952.397,12.9
"San Bernardino County, CA",168,30530,5.50278414674091,1585031,959964,948728,119583,625067,12.6045610543802,614325,53433,69064,464389,21352,2050107,1712581,83.5361764044511,1115713,54.4221838177227,731057,35.6594558235253,337526,16.4638235955489,72909.073,15.7,104023.136,22.4,97521.69,21
"San Diego County, CA",162,43942,3.686677893587,2579342,1677097,1601432,139302,902245,8.69858976216286,1094157,64309,87081,731328,31266,3123555,2682030,85.8646638205506,2080228,66.5980909572586,886388,28.3775377734665,441525,14.1353361794494,77520.768,10.6,111893.184,15.3,84102.72,11.5
"San Francisco County, CA",33,8972,3.67810967454302,739386,513563,513158,34785,225823,6.77861399413046,353287,81294,119406,161887,52220,836167,765091,91.4997841340306,602198,72.0188670445019,232598,27.8171704934541,71076,8.50021586596936,12627.186,7.8,17969.457,11.1,10846.429,6.7
"San Joaquin County, CA",61,9983,6.11038765902033,532449,325393,325052,44592,207056,13.7184204373454,219073,53274,70520,163845,22645,699892,602026,86.0169854777594,400330,57.1988249615655,263958,37.7141044618313,97866,13.9830145222406,24576.75,15,35062.83,21.4,35554.365,21.7
"San Luis Obispo County, CA",11,2668,4.12293853073463,231576,135528,133761,8764,96048,6.55198450968518,103576,60691,80404,65508,31060,269580,237451,88.0818309963647,193940,71.9415386898138,81716,30.3123377105127,32129,11.9181690036353,4978.608,7.6,8385.024,12.8,7926.468,12.1
"San Mateo County, CA",30,9037,3.31968573641695,603942,414924,414738,27732,189018,6.68663107793354,259711,93623,135131,178371,48278,744848,679533,91.2310968143836,565914,75.9771121087792,192317,25.8196303138358,65315,8.7689031856164,8561.808,4.8,13377.825,7.5,6956.469,3.9
"Santa Barbara County, CA",28,5673,4.93566014454433,348390,223076,221432,17816,125314,8.04581090357311,142713,63985,89903,93473,30589,428774,361176,84.2345851194335,271058,63.2169861045679,136945,31.9387369569983,67598,15.7654148805665,9347.3,10,14862.207,15.9,12805.801,13.7
"Santa Clara County, CA",80,23393,3.41982644380798,1478517,992372,991745,76126,486145,7.67596509183308,621463,96310,128243,446734,43880,1859170,1689578,90.8780800034424,1376784,74.0536906253866,460314,24.7591129374936,169592,9.1219199965576,28590.976,6.4,37972.39,8.5,21889.966,4.9
"Santa Cruz County, CA",12,2840,4.22535211267606,221018,142205,142187,10866,78813,7.6420488511608,94802,67256,91983,59675,33241,268005,236212,88.137161620119,183136,68.3330534878081,80098,29.8867558441074,31793,11.862838379881,5132.05,8.6,8115.8,13.6,7459.375,12.5
"Sarasota County, FL",16,2907,5.50395596835225,339991,168928,168793,13770,171063,8.15792124080975,175185,51766,74755,106472,34479,388233,333817,85.9836747520175,256996,66.1963305540745,170505,43.918214062174,54416,14.0163252479825,7453.04,7,14586.664,13.7,17780.824,16.7
"Sedgwick County, KS",41,7291,5.62337127965985,386080,259390,256902,17842,126690,6.94506076246974,192961,50657,66238,124645,26016,500080,433922,86.7705167173252,346240,69.2369220924652,139985,27.9925211966085,66158,13.2294832826748,13710.95,11,21937.52,17.6,22062.165,17.7
"Seminole County, FL",21,4555,4.61031833150384,354090,232781,232315,21865,121309,9.41179002647268,152260,57010,77572,101235,29162,434616,369182,84.9444106981795,294848,67.8410366852578,114400,26.3220866235942,65434,15.0555893018205,8402.505,8.3,13059.315,12.9,12451.905,12.3
"Shelby County, TN",108,13478,8.01305831725775,724428,475285,473992,48697,249143,10.2738020894867,347224,46224,68182,220451,26285,925427,788597,85.2143929234829,567327,61.3043492355421,309294,33.4217609816874,136830,14.7856070765171,36815.317,16.7,57537.711,26.1,59521.77,27
"Snohomish County, WA",41,9768,4.1973791973792,592358,401217,397340,29685,191141,7.47093169577692,274766,70722,85813,187372,32542,737109,657932,89.2584407462126,540191,73.2850908074654,190591,25.856555814676,79177,10.7415592537874,12741.296,6.8,20610.92,11,21922.524,11.7
"Solano County, CA",22,5131,4.28766322354317,338257,215300,211021,24000,122957,11.3732756455519,143612,66828,83446,103174,29185,412693,368887,89.3853300152898,285522,69.1850843120673,133766,32.4129558776136,43806,10.6146699847102,10626.922,10.3,16611.014,16.1,20015.756,19.4
"Somerset County, NJ",12,3278,3.6607687614399,262004,181037,181012,10840,80967,5.98855324508872,115998,100667,135136,84966,48791,327821,301546,91.9849552042121,269624,82.2473239969374,63104,19.249529468826,26275,8.01504479578795,3058.776,3.6,4163.334,4.9,2718.912,3.2
"Sonoma County, CA",19,5015,3.78863409770688,403509,262188,261415,21168,141321,8.09746954076851,187782,64240,87597,118467,34235,490858,433969,88.4102938120597,339738,69.2130921773711,157362,32.0585586870337,56889,11.5897061879403,8766.558,7.4,14216.04,12,15756.111,13.3
"Spartanburg County, SC",24,3560,6.74157303370786,229652,140870,140765,12512,88782,8.88857315383796,109892,43907,58134,76454,22618,287075,245284,85.4424801881042,179613,62.5665766785683,98589,34.3425933989376,41791,14.5575198118958,10321.29,13.5,16208.248,21.2,15825.978,20.7
"Spokane County, WA",32,6043,5.29538308787026,384138,233457,231025,19503,150681,8.44194351260686,189471,50079,64588,119767,26093,471824,421427,89.3186866289125,307755,65.2266523110312,172371,36.5329020990878,50397,10.6813133710875,12336.001,10.3,20839.458,17.4,22516.196,18.8
"St. Charles County, MO",26,4541,5.7256110988769,292363,209700,209599,10639,82663,5.07588299562498,138958,72415,87448,100729,32946,373044,347328,93.1064432077717,313480,84.0329827044531,71588,19.1902295707745,25716,6.89355679222826,4633.534,4.6,7453.946,7.4,7554.675,7.5
"St. Clair County, IL",23,3422,6.72121566335476,209703,130990,127881,11344,78713,8.8707470226226,102267,49895,66983,67282,26738,261228,235092,89.9949469429005,171195,65.5347053148973,94167,36.0478202949148,26136,10.0050530570995,9890.454,14.7,15945.834,23.7,17089.628,25.4
"St. Joseph County, IN",28,3488,8.02752293577982,209921,134748,134636,11466,75173,8.51629579013043,102005,45471,61989,65126,24395,264729,231276,87.3633036048185,180962,68.3574523380514,79889,30.1776533738276,33453,12.6366963951815,8661.758,13.3,15044.106,23.1,14718.476,22.6
"St. Louis city, MO",33,4574,7.21469173589856,259729,168203,168028,20834,91526,12.3991239555312,139555,35599,52203,64755,23945,313086,261166,83.4166970097673,173780,55.5055160562912,110506,35.2957334406521,51920,16.5833029902327,14051.835,21.7,22534.74,34.8,17095.32,26.4
"St. Louis County, MO",84,11689,7.18624347677303,802779,531797,531591,39371,270982,7.40625781851085,401839,59755,86968,261710,35570,989446,901293,91.0906709411125,751926,75.9946475098186,263075,26.5881109226779,88153,8.9093290588875,20675.09,7.9,34545.72,13.2,29311.52,11.2
"St. Lucie County, FL",18,3099,5.80832526621491,234119,128168,128141,15831,105951,12.3543596506973,107898,43459,59196,71904,23657,285832,232544,81.3568809650424,153127,53.5723781801898,122417,42.8283047384478,53288,18.6431190349576,9707.04,13.5,17544.576,24.4,20708.352,28.8
"Stanislaus County, CA",41,7698,5.32605871654975,398487,245879,245687,37259,152608,15.1652305575794,169196,50125,65947,124736,21922,524038,449182,85.7155397127689,286817,54.7320995805648,208557,39.7980680790324,74856,14.2844602872311,20082.496,16.1,29687.168,23.8,28315.072,22.7
"Stark County, OH",18,4222,4.26338228327807,302373,191367,191106,16165,111006,8.45865645244001,150385,47137,62101,98810,25547,370175,336862,91.0007428918755,260477,70.3659080164787,129159,34.8913351793071,33313,8.99925710812454,10671.48,10.8,18971.52,19.2,22034.63,22.3
"Suffolk County, MA",46,9360,4.91452991452991,641526,439996,439457,38186,201530,8.68935982360049,296672,55044,82933,147054,34420,751838,714411,95.0219329163995,487229,64.8050510881334,284579,37.8511062223511,37427,4.97806708360046,23969.802,16.3,36910.554,25.1,27057.936,18.4
"Suffolk County, NY",51,15835,3.22071360909378,1204453,786156,785594,50584,418297,6.43894938097796,493849,88663,110577,367526,37634,1486195,1360772,91.5607978764563,1157115,77.8575489757401,389717,26.2224674420248,125423,8.43920212354368,17641.248,4.8,26461.872,7.2,27196.924,7.4
"Summit County, OH",43,6044,7.114493712773,437570,282272,282196,23780,155298,8.42676721144169,220902,50765,69216,138178,28986,536775,487948,90.903637464487,380490,70.884448791393,173410,32.3059009827209,48827,9.09636253551302,14646.868,10.6,25424.752,18.4,29708.27,21.5
"Tarrant County, TX",172,28370,6.06274233345083,1447659,995110,993242,68501,452549,6.89670795234193,673737,58711,79787,466070,29058,1899050,1532604,80.7037202811932,1191549,62.7444775019088,476017,25.0660593454622,366446,19.2962797188068,54064.12,11.6,80164.04,17.2,81562.25,17.5
"Thurston County, WA",19,3069,6.19094167481264,211006,134175,130204,11081,76831,8.51049122914811,102631,61677,74136,68238,29741,256560,230696,89.9189273464297,191073,74.4749766136576,78727,30.6856096039913,25864,10.0810726535703,5800.23,8.5,9758.034,14.3,8734.464,12.8
"Travis County, TX",69,16304,4.23209028459274,885869,638174,637542,37945,247695,5.95176474647945,428220,61451,88971,244438,35168,1114221,921910,82.7403181236038,757456,67.9807686266908,242057,21.7243257845616,192311,17.2596818763962,27377.056,11.2,42287.774,17.3,33243.568,13.6
"Tulare County, CA",48,7411,6.47685872351909,325404,194420,194102,23322,130984,12.0153321449547,133570,42031,58678,104130,17876,449747,370311,82.3376253760448,193784,43.0873357687767,208435,46.3449450468819,79436,17.6623746239552,24158.16,23.2,34050.51,32.7,32176.17,30.9
"Tulsa County, OK",66,9672,6.82382133995037,480773,323774,323406,20935,156999,6.47328744673877,246080,49759,70179,156574,28350,618184,515561,83.3992791790147,397942,64.3727433903175,182528,29.526484024174,102623,16.6007208209853,19258.602,12.3,30688.504,19.6,35385.724,22.6
"Unidentified Counties, AK",50,6693,7.47049155834454,333417,227433,219099,20346,105984,9.28621308175756,145794,68552.074577829,82616.2343443489,97910,842736,421547,337221,79.9960621235592,260455,61.7855185779996,117158,27.792393256268,84326,20.0039378764408,7788.437,7.95469002144827,11732.106,11.9825411091819,14054.045,14.3540445306915
"Unidentified Counties, AL",329,41043,8.0159832370928,2721140,1548864,1538224,143754,1172276,9.34545293793362,1295441,42915.8603417678,57479.2363426818,879402,1309999,3349765,2924210,87.2959744937331,2180941,65.1072836452706,1195986,35.7035792063025,425555,12.7040255062669,128772.111,14.643145114521,211179.49,24.0139879145146,210217.279,23.9045714019299
"Unidentified Counties, AR",247,33315,7.41407774275852,2020834,1168435,1165954,90303,852399,7.74498822423526,983785,41114.5592675229,55848.2226289281,667050,1477694,2520362,2160424,85.718797537814,1487530,59.0204899137505,985100,39.0856551558863,359938,14.281202462186,96817.622,14.5142975788921,156703.011,23.4919437823252,181943.741,27.2758775204258
"Unidentified Counties, AZ",103,14664,7.0240043644299,985442,504058,496132,60317,481384,12.1574500334588,452437,41863.8553522369,55049.0171537695,304991,241097,1197650,1001604,83.6307769381706,636935,53.1820648770509,549001,45.8398530455475,196046,16.3692230618294,48647.103,15.9503405018509,79298.787,26.0003695191006,86329.599,28.3056218052336
"Unidentified Counties, CA",162,29515,5.48873454175843,2189016,1246861,1238216,133862,942155,10.8108762929893,979207,54512.0804814508,76065.9858467107,647780,856045,2647283,2302019,86.957797862941,1608985,60.7787304946241,1039328,39.2601773214273,345264,13.042202137059,76666.481,11.8352652134984,122009.626,18.8350406002038,127450.241,19.6749268270092
"Unidentified Counties, CO",60,12358,4.85515455575336,1168803,752627,751748,55090,416176,7.32825361690354,563720,56089.1468619173,74532.0746115093,358911,1511098,1412980,1224145,86.6356919418534,937948,66.3808404931422,446604,31.6072414329998,188835,13.3643080581466,33813.469,9.42112919358838,56527.153,15.7496295739055,60283.637,16.7962634190649
"Unidentified Counties, CT",25,4999,5.00100020004001,513776,350556,350180,24983,163220,7.13433091552916,239378,73602.2383552373,92521.2526422645,158910,143393,612735,576268,94.0484875190743,472367,77.091564868989,179694,29.3265441014468,36467,5.95151248092569,7444.479,4.68471398905041,12822.882,8.06927317349443,16997.691,10.6964262790259
"Unidentified Counties, DE",47,4503,10.4374861203642,303909,182815,180183,14698,121094,8.1572623388444,141754,54274.4383156736,68897.5979090537,97329,53962,370562,337594,91.1032431819776,247309,66.7388992935055,157143,42.4066687895683,32968,8.89675681802236,9029.999,9.27780928602986,16313.866,16.7615674670448,20397.732,20.9575070122985
"Unidentified Counties, FL",210,33845,6.2047569803516,2703342,1414601,1395466,137441,1288741,9.8491113362848,1241219,47010.1765522442,64391.3097890058,818710,984285,3135399,2651614,84.570225352499,1932793,61.6442436831804,1246453,39.7542067213774,483785,15.429774647501,92534.508,11.3024768232952,167503.405,20.4594306897436,169637.435,20.7200883096579
"Unidentified Counties, GA",627,77600,8.0798969072165,4822018,2869906,2827148,271692,1952112,9.61010884467315,2190671,46974.8220695851,61426.6526037,1543782,3099177,6024922,5027994,83.4532629634043,3730298,61.91446129925,1944948,32.2817125267348,996928,16.5467370365957,230363.151,14.9220000621849,351310.877,22.7565081727861,356448.268,23.0892877362218
"Unidentified Counties, HI",32,5155,6.20756547041707,337731,213742,213049,15246,123989,7.15610023985093,140970,59627.5305171313,75644.8520323473,95667,128422,418640,385505,92.0850850372635,286986,68.551977832983,149552,35.7232944773552,33135,7.91491496273648,10074.436,10.5307326455309,16246.221,16.9820533726363,17373.939,18.1608485684719
"Unidentified Counties, IA",128,32459,3.94343633506886,2098069,1402993,1401733,66943,695076,4.77573118418415,1059360,52566.8291374037,66821.487415987,683164,2597740,2601663,2410153,92.6389390170825,1972772,75.8273458168871,820985,31.5561623469296,191510,7.36106098291746,53701.987,7.86077530431931,92914.134,13.6005606267309,109765.282,16.067193528933
"Unidentified Counties, ID",86,17701,4.85848257160612,909656,559871,557178,41272,349785,7.4073276403591,432034,45078.9198419569,57835.6325728994,301548,914998,1184347,995274,84.0356753552802,767831,64.8315907415648,379655,32.0560612725831,189073,15.9643246447198,35694.178,11.8369805138817,55568.062,18.4276009126242,67435.385,22.3630682345763
"Unidentified Counties, IL",258,42777,6.03127849077775,2937715,1829804,1827972,142880,1107911,7.81631228487088,1434020,51007.8691161909,65190.3927072147,926573,2313521,3570733,3276304,91.7543820834546,2537026,71.0505658081968,1245326,34.8759204342638,294429,8.24561791654543,92657.188,9.99998791244726,161746.524,17.4564253437128,194442.213,20.985093781062
"Unidentified Counties, IN",370,50996,7.25547101733469,3351290,2095498,2093319,151321,1255792,7.22875968736729,1604271,49630.4048792255,62828.8381532796,1084905,2065323,4144806,3628387,87.5405748785347,2907609,70.1506656765118,1236159,29.8242909318313,516419,12.4594251214653,109148.471,10.0606477986552,184407.178,16.9975415358948,230514.034,21.2473934584134
"Unidentified Counties, KS",156,24322,6.41394622152783,1424659,930577,915938,56333,494082,6.15030711685725,700776,47903.7891894129,61072.9292470062,455261,2553723,1771254,1559986,88.0724051999318,1262092,71.2541510139144,529564,29.8976883044442,211268,11.9275948000682,46696.71,10.2571294268562,78256.552,17.1893819149894,92483.535,20.3143987734508
"Unidentified Counties, KY",294,41780,7.03685974150311,2641483,1516141,1502175,129502,1125342,8.62096626558157,1275832,43210.7889972975,56729.4490473667,878494,2420780,3261663,2884738,88.4437785264756,2059571,63.1448129374494,1232326,37.782137516966,376925,11.5562214735244,132736.015,15.1094959100461,209002.447,23.790993108661,242557.913,27.6106510687609
"Unidentified Counties, LA",305,43760,6.96983546617916,2423679,1440917,1428882,117884,982762,8.25008643120985,1139564,45941.669561341,62735.0718371237,780859,1304467,3027258,2554877,84.3957469102402,1831405,60.4971561723513,1052082,34.7536285311658,472381,15.6042530897598,117091.762,14.9952503588996,176556.107,22.6104977979379,196167.015,25.1219509540135
"Unidentified Counties, MA",30,4428,6.77506775067751,514758,326557,325955,23837,188201,7.31297264959887,248420,59226.020940343,78722.9335882779,149577,212535,596554,573594,96.1512285560067,445985,74.7602061171327,234056,39.2346711278443,22960,3.84877144399334,10128.119,6.7711740441378,18724.387,12.5182260641676,21067.554,14.0847550091257
"Unidentified Counties, MD",112,18941,5.91309856924133,1371084,908059,901429,61396,463025,6.81096348131689,628485,72988.5925121522,88548.1384758586,444167,561480,1677278,1561699,93.1091327734579,1284311,76.5711468224111,502445,29.9559762901558,115579,6.89086722654205,30485.348,6.8634878322793,50356.38,11.3372627862943,59708.638,13.4428352398985
"Unidentified Counties, ME",68,9885,6.87910976226606,862062,536735,535380,38889,325327,7.2638126190743,436149,47153.9013777402,60615.0406168534,275559,378596,1031944,923415,89.4830533439799,665650,64.5044692347647,413427,40.0629297713829,108529,10.5169466560201,26988.871,9.79422591895021,48683.637,17.6672280709394,65003.152,23.5895586789036
"Unidentified Counties, MI",229,39802,5.75347972463695,3097833,1804485,1802709,168758,1293348,9.36135560426003,1500667,47291.3478120063,60274.2874548451,1003030,1712715,3760507,3390884,90.1709264202939,2605337,69.2815357078181,1418203,37.7130796459094,369623,9.82907357970614,109295.165,10.8965001046828,196037.228,19.5445029560432,243096.202,24.2361845607808
"Unidentified Counties, MN",180,35605,5.05546973739643,2323687,1588277,1587134,82151,735410,5.17605948836078,1146749,59469.0350503903,73784.1919173245,773851,2265104,2906245,2714176,93.3911628235059,2232847,76.8292762654215,887778,30.547252554413,192069,6.60883717649407,52975.523,6.84570065813703,91356.801,11.8054768941308,116736.09,15.0850861470748
"Unidentified Counties, MO",257,41344,6.21613777089783,2685114,1645668,1627090,119050,1039446,7.3167433885034,1292119,46124.437575796,58710.7599361978,870408,2329863,3303261,2880815,87.2112436770815,2224134,67.3314642712156,1075849,32.5693004579414,422446,12.7887563229185,99620.653,11.4452823273683,163296.291,18.7608904100146,188014.693,21.6007542439867
"Unidentified Counties, MS",363,38394,9.4546022816065,2333154,1352993,1342359,138445,980161,10.313559934414,1096593,40181.3867606304,54905.6833693084,749121,1542014,2921189,2459002,84.1781206214319,1677619,57.4293207320718,1097812,37.5809986960789,462187,15.8218793785681,131571.11,17.5633989702598,201537.428,26.9031876025368,197217.141,26.3264734268563
"Unidentified Counties, MT",73,12583,5.80147818485258,814661,521330,517807,32361,293331,6.24962582583859,409394,47440.5169763113,63139.2871194986,255470,1401158,999213,843946,84.461070862769,662087,66.2608472868147,315305,31.5553340478957,155267,15.538929137231,25300.685,9.9035835910283,43178.045,16.9014150389478,49774.575,19.4835303558148
"Unidentified Counties, NC",566,73039,7.74928462875998,5118155,3065301,3010735,302429,2052854,10.0450222287913,2449761,43709.237256614,58731.2973371688,1653097,2077430,6255959,5331392,85.2210188717669,3891780,62.2091672915376,2256894,36.0759077864801,924567,14.7789811282331,223780.711,13.5370586843966,372284.819,22.5204461081231,402577.972,24.3529552107348
"Unidentified Counties, ND",81,11314,7.15927169878027,575611,404820,399180,11464,170791,2.87188736910667,299638,57795.9583931277,76185.2077974089,181864,1690727,706307,642145,90.9158482076491,562928,79.700187029153,171717,24.3119493364783,64162,9.08415179235092,13129.152,7.21921435798179,21474.515,11.8080076320767,28720.038,15.792041305591
"Unidentified Counties, NE",68,13895,4.89384670744872,805208,555957,552342,22423,249251,4.0596224802749,410405,53522.6279821152,66668.8145344233,277040,2391721,1015758,915153,90.0955739457627,767394,75.5489004270702,285556,28.1126016236151,100605,9.90442605423733,21623.356,7.80513860814323,37178.031,13.4197339734334,48177.562,17.3901104533641
"Unidentified Counties, NH",22,5588,3.93700787401575,761968,514011,512801,29206,247957,5.6953867094643,365043,66165.3792155993,83965.3486356402,243330,282862,909029,822354,90.4651006733558,691907,76.1149534283285,251833,27.7035166094811,86675,9.53489932664414,13482.841,5.54096946533514,24767.155,10.1784223071549,29048.199,11.9377795586241
"Unidentified Counties, NJ",49,6629,7.39176346356917,565301,363626,362655,32439,201675,8.9448649542954,257634,73372.1321370627,92747.1705559049,180018,209456,676099,615771,91.0770464088839,503781,74.5129041752761,199238,29.4687612317131,60328,8.92295359111609,12519.503,6.95458398604584,20562.828,11.4226510682265,25311.693,14.0606456021065
"Unidentified Counties, NM",92,17896,5.14081358962897,1098224,635743,629150,60871,462481,9.67511722164826,500333,44857.8242870248,60384.5367285388,333327,692287,1383218,1143500,82.6695430510592,726432,52.5175351969104,581050,42.0071167379256,239718,17.3304569489408,54593.615,16.3783956895181,83747.825,25.1248248716726,86348.706,25.9051039969759
"Unidentified Counties, NV",19,3642,5.21691378363537,263504,152988,152004,15584,110516,10.2523617799532,125918,53532.1543941295,66692.6649247923,83882,392596,319550,268209,83.9333437646691,205886,64.4299796588953,108104,33.8300735409169,51341,16.0666562353309,8641.557,10.3020397701533,15479.015,18.4533213323478,15985.888,19.0575904246441
"Unidentified Counties, NY",236,39969,5.90457604643599,3503350,2141280,2126872,165427,1362070,7.77794808526324,1657611,54014.1447583299,68637.8047629993,1061368,1262704,4174860,3857133,92.3895172532732,2979482,71.3672314760255,1496293,35.8405551323877,317727,7.61048274672684,101365.9,9.55049520995545,180551.15,17.011173315947,215152.286,20.2712241183077
"Unidentified Counties, OH",404,63803,6.33199065874645,4568398,2825373,2820571,209155,1743025,7.41534249625342,2214170,51497.6549591946,65534.5673055818,1507739,1905968,5621993,5087255,90.4884620098246,3975822,70.7190848512262,1862893,33.1358114462256,534738,9.51153799017537,152114.14,10.0888907164967,266827.482,17.6971930818265,330552.449,21.9237181634222
"Unidentified Counties, OK",228,28046,8.12950153319546,1727341,1008483,995614,65536,718858,6.58247071656284,818575,45242.3013138686,59188.8267220475,562323,1673018,2144981,1782545,83.103067113415,1306523,60.9107027055251,754643,35.1818034751823,362436,16.896932886585,70621.699,12.5589205847885,111260.519,19.7858737771708,128407.491,22.8351838711915
"Unidentified Counties, OR",93,17116,5.43351250292124,1253476,711226,709622,72679,542250,10.2419316199329,606582,45396.0501251274,59607.0453904006,394297,729819,1524100,1326143,87.0115477987009,943959,61.9355029197559,627031,41.14106685913,197957,12.9884522012991,48374.407,12.2685201764152,84606.19,21.4574774852459,105550.43,26.7692703723335
"Unidentified Counties, PA",264,41883,6.30327340448392,3463986,2056577,2054623,147103,1407409,7.15961030320404,1654342,49530.1858479081,63252.4696096696,1093419,1274758,4110641,3745559,91.118611428242,3001394,73.0152304713547,1410399,34.3109262034802,365082,8.88138857175803,97441.086,8.91159619505423,177100.646,16.1969607259431,212890.314,19.4701495035298
"Unidentified Counties, RI",16,3602,4.44197667962243,352655,236429,233814,16962,116226,7.25448433370115,172318,68750.0257895287,89094.8797571931,109479,151191,417321,390786,93.6415852545163,332821,79.7517977767714,120252,28.8152285650614,26535,6.35841474548369,6174.378,5.63978297207684,10809.216,9.87332365111117,12546.285,11.4599923272956
"Unidentified Counties, SC",225,31765,7.08326774752086,2130843,1243583,1228159,129689,887260,10.5596262373194,1006878,43251.2307052096,58200.0285357312,691040,825602,2622224,2239941,85.4214209007316,1612387,61.4892930581064,972189,37.0749791017091,382283,14.5785790992684,100004.872,14.4716473720769,162988.796,23.5860147024774,187795.707,27.175808491549
"Unidentified Counties, SD",90,12336,7.29571984435798,657804,453990,451073,20220,203814,4.48264471604374,330858,51400.6494629116,66404.1158049677,212994,1672103,825506,734488,88.9742775945905,596647,72.276518886598,244046,29.5632012365749,91018,11.0257224054095,19356.746,9.08793017643689,31519.602,14.7983520662554,39196.687,18.4027188559302
"Unidentified Counties, TN",291,44278,6.57211256154298,3061345,1768636,1753815,151724,1292709,8.65108349512349,1475412,44676.1825110545,59542.1534927193,1028987,1899638,3756049,3293060,87.6735101166146,2407367,64.0930669434824,1389058,36.9818924087519,462989,12.3264898833854,135417.931,13.160315047712,222364.855,21.6100742769345,251341.114,24.4260728269648
"Unidentified Counties, TX",627,101710,6.16458558647134,5786055,3413293,3385689,229911,2372762,6.79067096830217,2604727,48987.508147303,65562.665164142,1823708,5437330,7152110,5770660,80.6847210124005,4331867,60.5676786291039,2257223,31.5602388665722,1381450,19.3152789875995,227576.898,12.4788013212641,357237.794,19.5885412577013,388851.028,21.3220004518267
"Unidentified Counties, UT",81,15557,5.20665938162885,692344,441778,440879,28363,250566,6.4332844159055,308026,55689.4202794569,69042.3537071546,230554,578955,937237,804406,85.827384108822,674056,71.9194824788181,231546,24.7051706238657,132831,14.172615891178,22273.749,9.66096836316004,32992.092,14.3099195849996,35980.279,15.606009438136
"Unidentified Counties, VA",413,62780,6.57852819369226,4263497,2686399,2618301,186597,1577098,7.12664433921081,2012574,57560.9097568586,74217.6421632198,1302839,3364839,5084212,4478332,88.0831090442334,3632032,71.4374616951457,1495468,29.413958347921,605880,11.9168909557666,131991.826,10.131092636926,219510.942,16.8486621908002,220613.922,16.9333219223557
"Unidentified Counties, VT",27,5903,4.57394545146536,519139,346162,345689,18957,172977,5.48383084217317,257167,55724.2477884021,71391.5083039426,159457,398821,620457,584299,94.1723600507368,424576,68.4295607914811,246854,39.7858352794795,36158,5.8276399492632,11689.979,7.33111685281925,21305.214,13.3611029932835,24184.435,15.1667440124924
"Unidentified Counties, WA",141,24466,5.76309981198398,1521041,893473,886691,78873,627568,8.89520701123616,718627,49706.5650747885,63497.185903118,477798,783914,1898045,1624264,85.5756317684776,1171504,61.721613555,728835,38.3992476469209,273781,14.4243682315224,55848.623,11.6887519411969,93794.762,19.630630936086,104377.425,21.845513166652
"Unidentified Counties, WI",218,43245,5.04104520753844,3108918,2067367,2065491,123887,1041551,5.99794431445114,1551287,53395.2762996145,66999.727507547,1021218,1791822,3824173,3525217,92.1824666404998,2822785,73.8142599720253,1226879,32.0822044400188,298956,7.81753335950021,77835.811,7.62186046466083,136928.921,13.4083928211214,170292.402,16.6754211147865
"Unidentified Counties, WV",141,19805,7.11941428932088,1512183,815405,814593,63341,696778,7.77578496255185,740890,42114.7589102296,56424.5724628487,479803,1194073,1822400,1613621,88.5437335381914,1154719,63.3625438981563,734101,40.2821005267779,208779,11.4562664618086,62740.073,13.0762152383374,106953.518,22.2911315685813,127269.031,26.5252678703551
"Unidentified Counties, WY",38,7765,4.89375402446877,456640,311371,308951,15002,145269,4.85578619263249,226865,59254.0286161374,73477.5699204373,147229,672144,570198,493896,86.6183325792093,412501,72.3434666554425,148956,26.1235570801722,76302,13.3816674207907,11302.905,7.6770914697512,18582.837,12.6217233017952,20625.298,14.0089914351113
"Union County, NJ",44,6823,6.4487761981533,431756,296925,296786,28983,134831,9.7656223676319,186175,69594,99659,132591,35308,544225,462171,84.9227801001424,358439,65.862281225596,149685,27.5042491616519,82054,15.0772198998576,11402.826,8.6,16971.648,12.8,17899.785,13.5
"Utah County, UT",65,11945,5.4416073670992,377172,255531,255051,13966,121641,5.47576759157972,148464,62180,77269,122204,21335,548331,483811,88.233384579752,429297,78.2915793562647,93085,16.9760600804988,64520,11.766615420248,12342.604,10.1,13931.256,11.4,18941.62,15.5
"Ventura County, CA",47,10060,4.67196819085487,658777,439228,435709,37593,219549,8.62800630696176,268969,77348,100843,198047,33435,834057,719302,86.2413480133852,557424,66.8328423596948,242866,29.1186333787739,114755,13.7586519866148,15645.713,7.9,24161.734,12.2,22973.452,11.6
"Virginia Beach city, VA",33,6110,5.40098199672668,356105,251429,228859,13891,104676,6.06967608877081,166242,66634,83834,114380,32269,422939,380856,90.0498653470122,338331,79.9952238975361,93411,22.0861637257382,42083,9.95013465298778,7549.08,6.6,11781.14,10.3,12924.94,11.3
"Volusia County, FL",41,4939,8.30127556185463,423616,219583,219312,20025,204033,9.13082731451083,200180,41117,56644,123054,24026,497974,413973,83.1314486298482,297217,59.6852446111644,199811,40.1247856313783,84001,16.8685513701519,14520.372,11.8,27810.204,22.6,29779.068,24.2
"Wake County, NC",73,12865,5.67431014380101,756014,534361,533503,34306,221653,6.43032935147506,364669,67309,89678,243940,34202,967390,854919,88.3737685938453,734473,75.9231540536909,201834,20.8637674567651,112471,11.6262314061547,19271.26,7.9,29272.8,12,27077.34,11.1
"Washington County, OR",23,6923,3.32225913621262,434453,299448,299165,22794,135005,7.6192067922384,206426,66754,84859,139850,32369,552724,490139,88.6769888769078,405168,73.3038550886157,135718,24.5543888088811,62585,11.3230111230922,12027.1,8.6,17760.95,12.7,18460.2,13.2
"Washoe County, NV",28,5517,5.07522204096429,347703,228481,227973,20669,119222,9.06642453272975,166345,52870,72389,102630,28757,432043,360015,83.3285112824418,282634,65.4180255206079,121573,28.1390972657814,72028,16.6714887175582,10263,10,16728.69,16.3,17036.58,16.6
"Washtenaw County, MI",14,3690,3.7940379403794,292237,190548,190384,14001,101689,7.35408437683839,138067,61003,84822,79373,34738,349733,327946,93.7703905550806,287639,82.2453128529478,81792,23.386983784773,21787,6.22960944491941,6349.84,8,9842.252,12.4,12699.68,16
"Waukesha County, WI",13,3703,3.51066702673508,315919,218787,218670,9209,97132,4.21136872913523,154991,76545,97181,108506,38684,391307,374478,95.6992847048481,331150,84.6266486416037,92726,23.6964838349429,16829,4.30071529515189,3797.71,3.5,6401.854,5.9,8571.974,7.9
"Wayne County, MI",205,23488,8.72786103542234,1396676,818898,818618,121718,577778,14.8687177657955,667275,41210,58406,416796,22897,1766776,1549591,87.7072701915806,1031225,58.3676142306665,741574,41.9732892002155,217185,12.2927298084194,82942.404,19.9,127956.372,30.7,130457.148,31.3
"Webb County, TX",25,5356,4.66766243465273,182201,105339,105329,6333,76862,6.012589125502,69668,38862,53503,56626,15096,260902,177782,68.1412944323922,93824,35.961395466497,94803,36.3366321454033,83120,31.8587055676078,15572.15,27.5,19762.474,34.9,18063.694,31.9
"Weld County, CO",22,4339,5.07029269416916,205024,138738,138574,9179,66286,6.62389770086741,94294,60572,74779,68305,26751,268202,235649,87.862506618146,187481,69.9029090014243,73338,27.3443151057785,32553,12.137493381854,6010.84,8.8,9016.26,13.2,9357.785,13.7
"Westchester County, NY",30,10641,2.81928390188892,770360,503701,503509,38412,266659,7.62886065591678,341866,83958,134714,237666,48885,954315,862706,90.4005490849458,701967,73.5571587997674,267288,28.0083620188303,91609,9.59945091505425,16398.954,6.9,24479.598,10.3,23291.268,9.8
"Westmoreland County, PA",11,3167,3.47331859804231,301106,184006,183920,10387,117100,5.64756415832971,151173,52247,69065,100715,29472,356931,334874,93.8203742460027,274872,77.0098422384158,124914,34.9966800305941,22057,6.17962575399727,6949.335,6.9,13193.665,13.1,15610.825,15.5
"Will County, IL",35,7803,4.48545431244393,521187,361907,361651,28218,159280,7.80254997221078,223640,76101,92710,170695,31310,677429,623387,92.0224850131896,525749,77.6094616557602,157213,23.2073029055443,54042,7.97751498681043,10412.395,6.1,15874.635,9.3,16557.415,9.7
"Williamson County, TX",23,6433,3.57531478314939,357045,249181,248207,14789,107864,5.9583331654627,161793,73750,88984,117380,31876,469711,410955,87.4910317195041,363851,77.4627377259634,94865,20.1964612282872,58756,12.5089682804959,6338.52,5.4,8568.74,7.3,7864.46,6.7
"Winnebago County, IL",21,3621,5.79950289975145,228451,148248,148195,17023,80203,11.4868922703195,113912,48225,62692,74809,25198,287276,257664,89.6921427477408,184898,64.3624946044918,110265,38.3829488018491,29612,10.3078572522592,9650.361,12.9,16009.126,21.4,20946.52,28
"Worcester County, MA",54,8589,6.28711142158575,653025,438085,437636,34117,214940,7.79574806460163,301176,65313,84474,200870,32284,798977,773100,96.7612334272451,596796,74.6950162520323,273675,34.2531762491286,25877,3.23876657275491,16873.08,8.4,27318.32,13.6,28523.54,14.2
"York County, PA",23,4932,4.66342254663423,351957,234791,234469,17076,117166,7.2828390959999,167416,58269,72412,116539,28403,434824,399023,91.7665538240759,326457,75.0779625779626,130870,30.0972347432524,35801,8.23344617592405,9090.042,7.8,15499.687,13.3,13168.907,11.3
